date,economy
2012-01-01,0
2012-01-02,43
2012-01-03,48
2012-01-04,65
2012-01-05,54
2012-01-06,55
2012-01-07,0
2012-01-08,56
2012-01-09,65
2012-01-10,79
2012-01-11,76
2012-01-12,64
2012-01-13,54
2012-01-14,35
2012-01-15,44
2012-01-16,32
2012-01-17,67
2012-01-18,51
2012-01-19,81
2012-01-20,67
2012-01-21,44
2012-01-22,66
2012-01-23,48
2012-01-24,91
2012-01-25,79
2012-01-26,90
2012-01-27,81
2012-01-28,42
2012-01-29,41
2012-01-30,71
2012-01-31,79
2012-02-01,78
2012-02-02,81
2012-02-03,61
2012-02-04,44
2012-02-05,46
2012-02-06,55
2012-02-07,64
2012-02-08,79
2012-02-09,96
2012-02-10,34
2012-02-11,38
2012-02-12,42
2012-02-13,77
2012-02-14,60
2012-02-15,59
2012-02-16,56
2012-02-17,61
2012-02-18,0
2012-02-19,0
2012-02-20,48
2012-02-21,54
2012-02-22,70
2012-02-23,74
2012-02-24,65
2012-02-25,59
2012-02-26,44
2012-02-27,82
2012-02-28,76
2012-02-29,44
2012-03-01,75
2012-03-02,58
2012-03-03,0
2012-03-04,47
2012-03-05,85
2012-03-06,90
2012-03-07,94
2012-03-08,60
2012-03-09,65
2012-03-10,0
2012-03-11,0
2012-03-12,52
2012-03-13,41
2012-03-14,53
2012-03-15,60
2012-03-16,50
2012-03-17,0
2012-03-18,35
2012-03-19,46
2012-03-20,56
2012-03-21,66
2012-03-22,32
2012-03-23,57
2012-03-24,0
2012-03-25,0
2012-03-26,51
2012-03-27,50
2012-03-28,44
2012-03-29,43
2012-03-30,62
2012-03-31,35
2012-04-01,33
2012-04-02,39
2012-04-03,45
2012-04-04,60
2012-04-05,59
2012-04-06,37
2012-04-07,50
2012-04-08,39
2012-04-09,74
2012-04-10,47
2012-04-11,61
2012-04-12,42
2012-04-13,49
2012-04-14,0
2012-04-15,0
2012-04-16,77
2012-04-17,49
2012-04-18,65
2012-04-19,100
2012-04-20,54
2012-04-21,36
2012-04-22,42
2012-04-23,58
2012-04-24,64
2012-04-25,48
2012-04-26,47
2012-04-27,81
2012-04-28,0
2012-04-29,57
2012-04-30,56
2012-05-01,78
2012-05-02,77
2012-05-03,60
2012-05-04,61
2012-05-05,33
2012-05-06,51
2012-05-07,65
2012-05-08,89
2012-05-09,53
2012-05-10,47
2012-05-11,65
2012-05-12,0
2012-05-13,42
2012-05-14,97
2012-05-15,56
2012-05-16,59
2012-05-17,47
2012-05-18,40
2012-05-19,0
2012-05-20,49
2012-05-21,41
2012-05-22,42
2012-05-23,57
2012-05-24,66
2012-05-25,42
2012-05-26,0
2012-05-27,0
2012-05-28,0
2012-05-29,70
2012-05-30,35
2012-05-31,51
2012-06-01,49
2012-06-02,40
2012-06-03,44
2012-06-04,43
2012-06-05,46
2012-06-06,35
2012-06-07,50
2012-06-08,40
2012-06-09,0
2012-06-10,51
2012-06-11,0
2012-06-12,46
2012-06-13,44
2012-06-14,58
2012-06-15,51
2012-06-16,0
2012-06-17,0
2012-06-18,0
2012-06-19,0
2012-06-20,28
2012-06-21,0
2012-06-22,29
2012-06-23,34
2012-06-24,0
2012-06-25,0
2012-06-26,41
2012-06-27,30
2012-06-28,36
2012-06-29,0
2012-06-30,0
2012-07-01,0
2012-07-02,0
2012-07-03,0
2012-07-04,0
2012-07-05,29
2012-07-06,50
2012-07-07,0
2012-07-08,0
2012-07-09,0
2012-07-10,27
2012-07-11,35
2012-07-12,49
2012-07-13,31
2012-07-14,0
2012-07-15,0
2012-07-16,47
2012-07-17,32
2012-07-18,50
2012-07-19,55
2012-07-20,0
2012-07-21,0
2012-07-22,36
2012-07-23,39
2012-07-24,25
2012-07-25,26
2012-07-26,0
2012-07-27,30
2012-07-28,0
2012-07-29,35
2012-07-30,28
2012-07-31,29
2012-08-01,33
2012-08-02,0
2012-08-03,10
2012-08-04,12
2012-08-05,9
2012-08-06,13
2012-08-07,0
2012-08-08,0
2012-08-09,14
2012-08-10,7
2012-08-11,14
2012-08-12,0
2012-08-13,13
2012-08-14,10
2012-08-15,7
2012-08-16,11
2012-08-17,10
2012-08-18,9
2012-08-19,12
2012-08-20,9
2012-08-21,11
2012-08-22,18
2012-08-23,15
2012-08-24,14
2012-08-25,10
2012-08-26,20
2012-08-27,17
2012-08-28,25
2012-08-29,20
2012-08-30,32
2012-08-31,27
2012-09-01,17
2012-09-02,17
2012-09-03,21
2012-09-04,23
2012-09-05,31
2012-09-06,41
2012-09-07,40
2012-09-08,16
2012-09-09,28
2012-09-10,35
2012-09-11,27
2012-09-12,32
2012-09-13,30
2012-09-14,27
2012-09-15,20
2012-09-16,13
2012-09-17,24
2012-09-18,34
2012-09-19,31
2012-09-20,30
2012-09-21,30
2012-09-22,10
2012-09-23,21
2012-09-24,24
2012-09-25,24
2012-09-26,30
2012-09-27,36
2012-09-28,26
2012-09-29,11
2012-09-30,27
2012-10-01,32
2012-10-02,31
2012-10-03,34
2012-10-04,77
2012-10-05,37
2012-10-06,19
2012-10-07,25
2012-10-08,33
2012-10-09,37
2012-10-10,34
2012-10-11,36
2012-10-12,40
2012-10-13,20
2012-10-14,28
2012-10-15,45
2012-10-16,40
2012-10-17,86
2012-10-18,56
2012-10-19,43
2012-10-20,23
2012-10-21,19
2012-10-22,50
2012-10-23,76
2012-10-24,58
2012-10-25,51
2012-10-26,57
2012-10-27,22
2012-10-28,23
2012-10-29,36
2012-10-30,42
2012-10-31,52
2012-11-01,44
2012-11-02,51
2012-11-03,25
2012-11-04,39
2012-11-05,53
2012-11-06,76
2012-11-07,100
2012-11-08,55
2012-11-09,31
2012-11-10,18
2012-11-11,18
2012-11-12,20
2012-11-13,22
2012-11-14,27
2012-11-15,18
2012-11-16,18
2012-11-17,0
2012-11-18,13
2012-11-19,19
2012-11-20,13
2012-11-21,0
2012-11-22,9
2012-11-23,0
2012-11-24,10
2012-11-25,10
2012-11-26,15
2012-11-27,18
2012-11-28,13
2012-11-29,15
2012-11-30,17
2012-12-01,10
2012-12-02,10
2012-12-03,21
2012-12-04,16
2012-12-05,17
2012-12-06,18
2012-12-07,12
2012-12-08,0
2012-12-09,8
2012-12-10,18
2012-12-11,17
2012-12-12,15
2012-12-13,16
2012-12-14,12
2012-12-15,0
2012-12-16,9
2012-12-17,16
2012-12-18,15
2012-12-19,7
2012-12-20,12
2012-12-21,7
2012-12-22,0
2012-12-23,0
2012-12-24,0
2012-12-25,0
2012-12-26,0
2012-12-27,0
2012-12-28,0
2012-12-29,0
2012-12-30,0
2012-12-31,0
2013-01-01,0
2013-01-02,7
2013-01-03,6
2013-01-04,0
2013-01-05,0
2013-01-06,7
2013-01-07,0
2013-01-08,8
2013-01-09,11
2013-01-10,13
2013-01-11,7
2013-01-12,0
2013-01-13,12
2013-01-14,10
2013-01-15,11
2013-01-16,13
2013-01-17,12
2013-01-18,13
2013-01-19,0
2013-01-20,7
2013-01-21,7
2013-01-22,13
2013-01-23,16
2013-01-24,16
2013-01-25,15
2013-01-26,0
2013-01-27,6
2013-01-28,13
2013-01-29,13
2013-01-30,9
2013-01-31,13
2013-02-01,11
2013-02-02,7
2013-02-03,11
2013-02-04,10
2013-02-05,16
2013-02-06,13
2013-02-07,15
2013-02-08,14
2013-02-09,0
2013-02-10,11
2013-02-11,9
2013-02-12,18
2013-02-13,15
2013-02-14,14
2013-02-15,13
2013-02-16,0
2013-02-17,0
2013-02-18,10
2013-02-19,16
2013-02-20,16
2013-02-21,14
2013-02-22,10
2013-02-23,7
2013-02-24,9
2013-02-25,13
2013-02-26,15
2013-02-27,14
2013-02-28,16
2013-03-01,13
2013-03-02,0
2013-03-03,8
2013-03-04,12
2013-03-05,18
2013-03-06,16
2013-03-07,14
2013-03-08,15
2013-03-09,7
2013-03-10,0
2013-03-11,11
2013-03-12,10
2013-03-13,11
2013-03-14,17
2013-03-15,10
2013-03-16,0
2013-03-17,7
2013-03-18,9
2013-03-19,12
2013-03-20,9
2013-03-21,11
2013-03-22,8
2013-03-23,6
2013-03-24,0
2013-03-25,8
2013-03-26,13
2013-03-27,9
2013-03-28,0
2013-03-29,0
2013-03-30,0
2013-03-31,0
2013-04-01,11
2013-04-02,58
2013-04-03,71
2013-04-04,41
2013-04-05,40
2013-04-06,35
2013-04-07,59
2013-04-08,57
2013-04-09,91
2013-04-10,100
2013-04-11,64
2013-04-12,54
2013-04-13,50
2013-04-14,30
2013-04-15,51
2013-04-16,49
2013-04-17,57
2013-04-18,75
2013-04-19,40
2013-04-20,0
2013-04-21,0
2013-04-22,50
2013-04-23,62
2013-04-24,48
2013-04-25,79
2013-04-26,41
2013-04-27,0
2013-04-28,0
2013-04-29,61
2013-04-30,71
2013-05-01,72
2013-05-02,95
2013-05-03,50
2013-05-04,0
2013-05-05,41
2013-05-06,31
2013-05-07,64
2013-05-08,88
2013-05-09,62
2013-05-10,28
2013-05-11,0
2013-05-12,39
2013-05-13,59
2013-05-14,58
2013-05-15,73
2013-05-16,47
2013-05-17,54
2013-05-18,0
2013-05-19,0
2013-05-20,44
2013-05-21,53
2013-05-22,33
2013-05-23,61
2013-05-24,41
2013-05-25,0
2013-05-26,0
2013-05-27,0
2013-05-28,44
2013-05-29,56
2013-05-30,44
2013-05-31,41
2013-06-01,0
2013-06-02,0
2013-06-03,47
2013-06-04,40
2013-06-05,0
2013-06-06,0
2013-06-07,0
2013-06-08,0
2013-06-09,0
2013-06-10,0
2013-06-11,0
2013-06-12,0
2013-06-13,0
2013-06-14,32
2013-06-15,0
2013-06-16,0
2013-06-17,0
2013-06-18,26
2013-06-19,26
2013-06-20,0
2013-06-21,0
2013-06-22,0
2013-06-23,0
2013-06-24,0
2013-06-25,0
2013-06-26,26
2013-06-27,42
2013-06-28,0
2013-06-29,0
2013-06-30,0
2013-07-01,0
2013-07-02,0
2013-07-03,30
2013-07-04,0
2013-07-05,0
2013-07-06,0
2013-07-07,0
2013-07-08,27
2013-07-09,0
2013-07-10,0
2013-07-11,0
2013-07-12,0
2013-07-13,0
2013-07-14,0
2013-07-15,0
2013-07-16,30
2013-07-17,0
2013-07-18,0
2013-07-19,0
2013-07-20,0
2013-07-21,0
2013-07-22,0
2013-07-23,0
2013-07-24,45
2013-07-25,34
2013-07-26,0
2013-07-27,0
2013-07-28,0
2013-07-29,0
2013-07-30,0
2013-07-31,0
2013-08-01,0
2013-08-02,0
2013-08-03,0
2013-08-04,0
2013-08-05,0
2013-08-06,0
2013-08-07,0
2013-08-08,0
2013-08-09,0
2013-08-10,0
2013-08-11,0
2013-08-12,0
2013-08-13,0
2013-08-14,0
2013-08-15,31
2013-08-16,36
2013-08-17,0
2013-08-18,0
2013-08-19,30
2013-08-20,32
2013-08-21,26
2013-08-22,25
2013-08-23,0
2013-08-24,0
2013-08-25,0
2013-08-26,32
2013-08-27,62
2013-08-28,25
2013-08-29,29
2013-08-30,0
2013-08-31,0
2013-09-01,0
2013-09-02,29
2013-09-03,69
2013-09-04,52
2013-09-05,46
2013-09-06,71
2013-09-07,0
2013-09-08,40
2013-09-09,84
2013-09-10,74
2013-09-11,65
2013-09-12,71
2013-09-13,63
2013-09-14,30
2013-09-15,32
2013-09-16,47
2013-09-17,58
2013-09-18,72
2013-09-19,55
2013-09-20,59
2013-09-21,0
2013-09-22,0
2013-09-23,46
2013-09-24,68
2013-09-25,87
2013-09-26,84
2013-09-27,61
2013-09-28,43
2013-09-29,51
2013-09-30,54
2013-10-01,88
2013-10-02,55
2013-10-03,66
2013-10-04,64
2013-10-05,0
2013-10-06,58
2013-10-07,56
2013-10-08,64
2013-10-09,74
2013-10-10,73
2013-10-11,52
2013-10-12,0
2013-10-13,36
2013-10-14,74
2013-10-15,51
2013-10-16,84
2013-10-17,59
2013-10-18,54
2013-10-19,0
2013-10-20,0
2013-10-21,71
2013-10-22,68
2013-10-23,69
2013-10-24,84
2013-10-25,54
2013-10-26,0
2013-10-27,34
2013-10-28,72
2013-10-29,59
2013-10-30,44
2013-10-31,61
2013-11-01,47
2013-11-02,0
2013-11-03,0
2013-11-04,65
2013-11-05,53
2013-11-06,77
2013-11-07,61
2013-11-08,58
2013-11-09,37
2013-11-10,42
2013-11-11,41
2013-11-12,50
2013-11-13,44
2013-11-14,49
2013-11-15,65
2013-11-16,30
2013-11-17,36
2013-11-18,70
2013-11-19,45
2013-11-20,55
2013-11-21,65
2013-11-22,51
2013-11-23,0
2013-11-24,0
2013-11-25,35
2013-11-26,41
2013-11-27,0
2013-11-28,0
2013-11-29,32
2013-11-30,0
2013-12-01,44
2013-12-02,65
2013-12-03,88
2013-12-04,54
2013-12-05,83
2013-12-06,46
2013-12-07,0
2013-12-08,32
2013-12-09,54
2013-12-10,88
2013-12-11,76
2013-12-12,99
2013-12-13,98
2013-12-14,0
2013-12-15,0
2013-12-16,64
2013-12-17,52
2013-12-18,72
2013-12-19,48
2013-12-20,62
2013-12-21,0
2013-12-22,0
2013-12-23,0
2013-12-24,0
2013-12-25,0
2013-12-26,0
2013-12-27,0
2013-12-28,0
2013-12-29,0
2013-12-30,0
2013-12-31,0
2014-01-01,0
2014-01-02,0
2014-01-03,0
2014-01-04,0
2014-01-05,0
2014-01-06,33
2014-01-07,0
2014-01-08,49
2014-01-09,33
2014-01-10,58
2014-01-11,36
2014-01-12,0
2014-01-13,41
2014-01-14,65
2014-01-15,84
2014-01-16,50
2014-01-17,39
2014-01-18,0
2014-01-19,0
2014-01-20,40
2014-01-21,67
2014-01-22,65
2014-01-23,70
2014-01-24,71
2014-01-25,0
2014-01-26,41
2014-01-27,68
2014-01-28,61
2014-01-29,82
2014-01-30,78
2014-01-31,74
2014-02-01,0
2014-02-02,35
2014-02-03,69
2014-02-04,80
2014-02-05,72
2014-02-06,63
2014-02-07,69
2014-02-08,32
2014-02-09,37
2014-02-10,53
2014-02-11,86
2014-02-12,60
2014-02-13,94
2014-02-14,52
2014-02-15,0
2014-02-16,41
2014-02-17,66
2014-02-18,60
2014-02-19,74
2014-02-20,100
2014-02-21,44
2014-02-22,0
2014-02-23,65
2014-02-24,84
2014-02-25,79
2014-02-26,57
2014-02-27,81
2014-02-28,70
2014-03-01,0
2014-03-02,48
2014-03-03,65
2014-03-04,44
2014-03-05,51
2014-03-06,68
2014-03-07,84
2014-03-08,0
2014-03-09,41
2014-03-10,54
2014-03-11,61
2014-03-12,80
2014-03-13,75
2014-03-14,63
2014-03-15,34
2014-03-16,0
2014-03-17,76
2014-03-18,58
2014-03-19,65
2014-03-20,45
2014-03-21,84
2014-03-22,0
2014-03-23,56
2014-03-24,43
2014-03-25,70
2014-03-26,79
2014-03-27,66
2014-03-28,32
2014-03-29,36
2014-03-30,32
2014-03-31,62
2014-04-01,54
2014-04-02,83
2014-04-03,45
2014-04-04,62
2014-04-05,0
2014-04-06,0
2014-04-07,71
2014-04-08,66
2014-04-09,63
2014-04-10,69
2014-04-11,51
2014-04-12,0
2014-04-13,0
2014-04-14,63
2014-04-15,40
2014-04-16,52
2014-04-17,73
2014-04-18,54
2014-04-19,0
2014-04-20,0
2014-04-21,28
2014-04-22,72
2014-04-23,65
2014-04-24,55
2014-04-25,30
2014-04-26,0
2014-04-27,0
2014-04-28,58
2014-04-29,85
2014-04-30,53
2014-05-01,66
2014-05-02,68
2014-05-03,0
2014-05-04,0
2014-05-05,73
2014-05-06,79
2014-05-07,46
2014-05-08,49
2014-05-09,55
2014-05-10,42
2014-05-11,39
2014-05-12,67
2014-05-13,80
2014-05-14,67
2014-05-15,74
2014-05-16,81
2014-05-17,0
2014-05-18,0
2014-05-19,70
2014-05-20,64
2014-05-21,62
2014-05-22,96
2014-05-23,61
2014-05-24,0
2014-05-25,48
2014-05-26,0
2014-05-27,58
2014-05-28,39
2014-05-29,76
2014-05-30,54
2014-05-31,0
2014-06-01,40
2014-06-02,31
2014-06-03,51
2014-06-04,52
2014-06-05,57
2014-06-06,0
2014-06-07,0
2014-06-08,0
2014-06-09,52
2014-06-10,36
2014-06-11,34
2014-06-12,35
2014-06-13,0
2014-06-14,0
2014-06-15,0
2014-06-16,31
2014-06-17,0
2014-06-18,43
2014-06-19,0
2014-06-20,0
2014-06-21,0
2014-06-22,0
2014-06-23,0
2014-06-24,0
2014-06-25,34
2014-06-26,0
2014-06-27,0
2014-06-28,0
2014-06-29,0
2014-06-30,0
2014-07-01,0
2014-07-02,0
2014-07-03,47
2014-07-04,0
2014-07-05,0
2014-07-06,0
2014-07-07,33
2014-07-08,0
2014-07-09,0
2014-07-10,0
2014-07-11,0
2014-07-12,0
2014-07-13,0
2014-07-14,0
2014-07-15,0
2014-07-16,0
2014-07-17,0
2014-07-18,0
2014-07-19,0
2014-07-20,0
2014-07-21,32
2014-07-22,0
2014-07-23,0
2014-07-24,0
2014-07-25,0
2014-07-26,0
2014-07-27,0
2014-07-28,0
2014-07-29,42
2014-07-30,0
2014-07-31,33
2014-08-01,0
2014-08-02,0
2014-08-03,0
2014-08-04,19
2014-08-05,0
2014-08-06,0
2014-08-07,0
2014-08-08,0
2014-08-09,0
2014-08-10,0
2014-08-11,0
2014-08-12,0
2014-08-13,0
2014-08-14,26
2014-08-15,20
2014-08-16,0
2014-08-17,0
2014-08-18,0
2014-08-19,19
2014-08-20,26
2014-08-21,35
2014-08-22,23
2014-08-23,0
2014-08-24,0
2014-08-25,31
2014-08-26,39
2014-08-27,48
2014-08-28,61
2014-08-29,35
2014-08-30,0
2014-08-31,0
2014-09-01,22
2014-09-02,43
2014-09-03,47
2014-09-04,50
2014-09-05,37
2014-09-06,0
2014-09-07,43
2014-09-08,59
2014-09-09,64
2014-09-10,62
2014-09-11,43
2014-09-12,33
2014-09-13,0
2014-09-14,22
2014-09-15,45
2014-09-16,36
2014-09-17,61
2014-09-18,55
2014-09-19,54
2014-09-20,0
2014-09-21,35
2014-09-22,53
2014-09-23,44
2014-09-24,64
2014-09-25,41
2014-09-26,43
2014-09-27,0
2014-09-28,33
2014-09-29,64
2014-09-30,60
2014-10-01,57
2014-10-02,46
2014-10-03,37
2014-10-04,29
2014-10-05,0
2014-10-06,61
2014-10-07,62
2014-10-08,44
2014-10-09,61
2014-10-10,55
2014-10-11,29
2014-10-12,22
2014-10-13,42
2014-10-14,44
2014-10-15,42
2014-10-16,47
2014-10-17,46
2014-10-18,32
2014-10-19,0
2014-10-20,43
2014-10-21,57
2014-10-22,59
2014-10-23,54
2014-10-24,54
2014-10-25,24
2014-10-26,37
2014-10-27,60
2014-10-28,57
2014-10-29,74
2014-10-30,63
2014-10-31,56
2014-11-01,25
2014-11-02,47
2014-11-03,63
2014-11-04,60
2014-11-05,100
2014-11-06,47
2014-11-07,60
2014-11-08,23
2014-11-09,36
2014-11-10,43
2014-11-11,32
2014-11-12,53
2014-11-13,49
2014-11-14,45
2014-11-15,0
2014-11-16,0
2014-11-17,34
2014-11-18,58
2014-11-19,42
2014-11-20,47
2014-11-21,59
2014-11-22,0
2014-11-23,26
2014-11-24,33
2014-11-25,35
2014-11-26,22
2014-11-27,30
2014-11-28,0
2014-11-29,0
2014-11-30,35
2014-12-01,27
2014-12-02,35
2014-12-03,43
2014-12-04,56
2014-12-05,34
2014-12-06,21
2014-12-07,30
2014-12-08,51
2014-12-09,46
2014-12-10,46
2014-12-11,48
2014-12-12,31
2014-12-13,0
2014-12-14,22
2014-12-15,41
2014-12-16,47
2014-12-17,40
2014-12-18,20
2014-12-19,28
2014-12-20,0
2014-12-21,0
2014-12-22,0
2014-12-23,0
2014-12-24,36
2014-12-25,0
2014-12-26,0
2014-12-27,0
2014-12-28,0
2014-12-29,0
2014-12-30,0
2014-12-31,0
2015-01-01,0
2015-01-02,0
2015-01-03,0
2015-01-04,22
2015-01-05,32
2015-01-06,29
2015-01-07,34
2015-01-08,45
2015-01-09,33
2015-01-10,21
2015-01-11,0
2015-01-12,35
2015-01-13,36
2015-01-14,32
2015-01-15,45
2015-01-16,37
2015-01-17,0
2015-01-18,0
2015-01-19,19
2015-01-20,55
2015-01-21,61
2015-01-22,64
2015-01-23,56
2015-01-24,22
2015-01-25,21
2015-01-26,33
2015-01-27,58
2015-01-28,59
2015-01-29,49
2015-01-30,35
2015-01-31,0
2015-02-01,33
2015-02-02,26
2015-02-03,65
2015-02-04,69
2015-02-05,46
2015-02-06,54
2015-02-07,0
2015-02-08,22
2015-02-09,43
2015-02-10,54
2015-02-11,52
2015-02-12,45
2015-02-13,40
2015-02-14,21
2015-02-15,0
2015-02-16,35
2015-02-17,18
2015-02-18,41
2015-02-19,29
2015-02-20,42
2015-02-21,0
2015-02-22,30
2015-02-23,34
2015-02-24,45
2015-02-25,51
2015-02-26,47
2015-02-27,41
2015-02-28,24
2015-03-01,28
2015-03-02,40
2015-03-03,34
2015-03-04,40
2015-03-05,31
2015-03-06,50
2015-03-07,25
2015-03-08,21
2015-03-09,40
2015-03-10,56
2015-03-11,61
2015-03-12,47
2015-03-13,33
2015-03-14,21
2015-03-15,27
2015-03-16,50
2015-03-17,31
2015-03-18,39
2015-03-19,55
2015-03-20,37
2015-03-21,24
2015-03-22,26
2015-03-23,33
2015-03-24,33
2015-03-25,46
2015-03-26,37
2015-03-27,28
2015-03-28,0
2015-03-29,30
2015-03-30,29
2015-03-31,39
2015-04-01,33
2015-04-02,34
2015-04-03,0
2015-04-04,30
2015-04-05,28
2015-04-06,27
2015-04-07,34
2015-04-08,51
2015-04-09,31
2015-04-10,47
2015-04-11,0
2015-04-12,23
2015-04-13,62
2015-04-14,54
2015-04-15,47
2015-04-16,41
2015-04-17,47
2015-04-18,0
2015-04-19,58
2015-04-20,57
2015-04-21,64
2015-04-22,44
2015-04-23,49
2015-04-24,35
2015-04-25,0
2015-04-26,0
2015-04-27,54
2015-04-28,46
2015-04-29,56
2015-04-30,47
2015-05-01,37
2015-05-02,0
2015-05-03,23
2015-05-04,39
2015-05-05,47
2015-05-06,57
2015-05-07,50
2015-05-08,58
2015-05-09,0
2015-05-10,0
2015-05-11,62
2015-05-12,52
2015-05-13,59
2015-05-14,49
2015-05-15,54
2015-05-16,0
2015-05-17,30
2015-05-18,48
2015-05-19,44
2015-05-20,56
2015-05-21,52
2015-05-22,33
2015-05-23,0
2015-05-24,0
2015-05-25,0
2015-05-26,27
2015-05-27,46
2015-05-28,49
2015-05-29,28
2015-05-30,0
2015-05-31,29
2015-06-01,45
2015-06-02,32
2015-06-03,34
2015-06-04,32
2015-06-05,22
2015-06-06,0
2015-06-07,0
2015-06-08,31
2015-06-09,27
2015-06-10,43
2015-06-11,30
2015-06-12,0
2015-06-13,0
2015-06-14,0
2015-06-15,0
2015-06-16,29
2015-06-17,23
2015-06-18,21
2015-06-19,0
2015-06-20,0
2015-06-21,0
2015-06-22,22
2015-06-23,20
2015-06-24,0
2015-06-25,0
2015-06-26,0
2015-06-27,0
2015-06-28,29
2015-06-29,0
2015-06-30,32
2015-07-01,0
2015-07-02,28
2015-07-03,0
2015-07-04,0
2015-07-05,0
2015-07-06,19
2015-07-07,23
2015-07-08,24
2015-07-09,24
2015-07-10,21
2015-07-11,29
2015-07-12,26
2015-07-13,76
2015-07-14,41
2015-07-15,32
2015-07-16,28
2015-07-17,26
2015-07-18,0
2015-07-19,27
2015-07-20,0
2015-07-21,0
2015-07-22,0
2015-07-23,20
2015-07-24,0
2015-07-25,0
2015-07-26,0
2015-07-27,19
2015-07-28,26
2015-07-29,0
2015-07-30,0
2015-07-31,0
2015-08-01,24
2015-08-02,33
2015-08-03,0
2015-08-04,0
2015-08-05,20
2015-08-06,19
2015-08-07,41
2015-08-08,0
2015-08-09,0
2015-08-10,0
2015-08-11,29
2015-08-12,28
2015-08-13,30
2015-08-14,32
2015-08-15,0
2015-08-16,0
2015-08-17,23
2015-08-18,30
2015-08-19,21
2015-08-20,43
2015-08-21,36
2015-08-22,29
2015-08-23,24
2015-08-24,50
2015-08-25,58
2015-08-26,38
2015-08-27,60
2015-08-28,46
2015-08-29,36
2015-08-30,24
2015-08-31,53
2015-09-01,59
2015-09-02,71
2015-09-03,55
2015-09-04,65
2015-09-05,0
2015-09-06,0
2015-09-07,26
2015-09-08,49
2015-09-09,52
2015-09-10,53
2015-09-11,60
2015-09-12,23
2015-09-13,32
2015-09-14,46
2015-09-15,58
2015-09-16,80
2015-09-17,84
2015-09-18,62
2015-09-19,35
2015-09-20,32
2015-09-21,59
2015-09-22,77
2015-09-23,60
2015-09-24,68
2015-09-25,58
2015-09-26,0
2015-09-27,56
2015-09-28,59
2015-09-29,88
2015-09-30,57
2015-10-01,69
2015-10-02,42
2015-10-03,0
2015-10-04,40
2015-10-05,49
2015-10-06,63
2015-10-07,55
2015-10-08,49
2015-10-09,46
2015-10-10,0
2015-10-11,26
2015-10-12,39
2015-10-13,74
2015-10-14,98
2015-10-15,88
2015-10-16,62
2015-10-17,0
2015-10-18,50
2015-10-19,81
2015-10-20,73
2015-10-21,71
2015-10-22,83
2015-10-23,42
2015-10-24,0
2015-10-25,35
2015-10-26,92
2015-10-27,76
2015-10-28,65
2015-10-29,97
2015-10-30,58
2015-10-31,33
2015-11-01,46
2015-11-02,64
2015-11-03,100
2015-11-04,67
2015-11-05,78
2015-11-06,73
2015-11-07,31
2015-11-08,36
2015-11-09,68
2015-11-10,77
2015-11-11,69
2015-11-12,90
2015-11-13,75
2015-11-14,38
2015-11-15,55
2015-11-16,64
2015-11-17,74
2015-11-18,85
2015-11-19,72
2015-11-20,70
2015-11-21,35
2015-11-22,39
2015-11-23,63
2015-11-24,45
2015-11-25,35
2015-11-26,53
2015-11-27,0
2015-11-28,28
2015-11-29,40
2015-11-30,59
2015-12-01,69
2015-12-02,76
2015-12-03,60
2015-12-04,38
2015-12-05,32
2015-12-06,34
2015-12-07,55
2015-12-08,69
2015-12-09,66
2015-12-10,75
2015-12-11,59
2015-12-12,46
2015-12-13,30
2015-12-14,51
2015-12-15,53
2015-12-16,65
2015-12-17,38
2015-12-18,26
2015-12-19,0
2015-12-20,0
2015-12-21,25
2015-12-22,18
2015-12-23,18
2015-12-24,0
2015-12-25,0
2015-12-26,0
2015-12-27,0
2015-12-28,0
2015-12-29,16
2015-12-30,0
2015-12-31,0
2016-01-01,0
2016-01-02,0
2016-01-03,18
2016-01-04,20
2016-01-05,25
2016-01-06,45
2016-01-07,34
2016-01-08,35
2016-01-09,0
2016-01-10,22
2016-01-11,43
2016-01-12,53
2016-01-13,41
2016-01-14,43
2016-01-15,53
2016-01-16,20
2016-01-17,18
2016-01-18,31
2016-01-19,49
2016-01-20,71
2016-01-21,60
2016-01-22,36
2016-01-23,16
2016-01-24,46
2016-01-25,50
2016-01-26,48
2016-01-27,65
2016-01-28,51
2016-01-29,60
2016-01-30,26
2016-01-31,31
2016-02-01,49
2016-02-02,75
2016-02-03,64
2016-02-04,56
2016-02-05,56
2016-02-06,23
2016-02-07,25
2016-02-08,45
2016-02-09,78
2016-02-10,86
2016-02-11,77
2016-02-12,67
2016-02-13,26
2016-02-14,34
2016-02-15,30
2016-02-16,61
2016-02-17,64
2016-02-18,60
2016-02-19,45
2016-02-20,32
2016-02-21,34
2016-02-22,55
2016-02-23,60
2016-02-24,68
2016-02-25,60
2016-02-26,63
2016-02-27,27
2016-02-28,34
2016-02-29,66
2016-03-01,68
2016-03-02,100
2016-03-03,79
2016-03-04,57
2016-03-05,26
2016-03-06,43
2016-03-07,53
2016-03-08,61
2016-03-09,78
2016-03-10,67
2016-03-11,46
2016-03-12,26
2016-03-13,31
2016-03-14,47
2016-03-15,68
2016-03-16,68
2016-03-17,61
2016-03-18,50
2016-03-19,18
2016-03-20,29
2016-03-21,50
2016-03-22,53
2016-03-23,48
2016-03-24,31
2016-03-25,14
2016-03-26,0
2016-03-27,26
2016-03-28,29
2016-03-29,47
2016-03-30,40
2016-03-31,35
2016-04-01,34
2016-04-02,26
2016-04-03,31
2016-04-04,52
2016-04-05,50
2016-04-06,42
2016-04-07,35
2016-04-08,51
2016-04-09,24
2016-04-10,26
2016-04-11,50
2016-04-12,49
2016-04-13,45
2016-04-14,47
2016-04-15,30
2016-04-16,24
2016-04-17,28
2016-04-18,52
2016-04-19,52
2016-04-20,55
2016-04-21,43
2016-04-22,37
2016-04-23,25
2016-04-24,27
2016-04-25,40
2016-04-26,45
2016-04-27,57
2016-04-28,62
2016-04-29,55
2016-04-30,26
2016-05-01,34
2016-05-02,47
2016-05-03,41
2016-05-04,51
2016-05-05,51
2016-05-06,50
2016-05-07,26
2016-05-08,25
2016-05-09,49
2016-05-10,57
2016-05-11,52
2016-05-12,44
2016-05-13,40
2016-05-14,16
2016-05-15,22
2016-05-16,72
2016-05-17,69
2016-05-18,44
2016-05-19,53
2016-05-20,40
2016-05-21,30
2016-05-22,18
2016-05-23,45
2016-05-24,42
2016-05-25,47
2016-05-26,34
2016-05-27,30
2016-05-28,21
2016-05-29,0
2016-05-30,26
2016-05-31,19
2016-06-01,35
2016-06-02,11
2016-06-03,10
2016-06-04,4
2016-06-05,11
2016-06-06,8
2016-06-07,9
2016-06-08,9
2016-06-09,11
2016-06-10,8
2016-06-11,0
2016-06-12,5
2016-06-13,4
2016-06-14,7
2016-06-15,8
2016-06-16,7
2016-06-17,4
2016-06-18,0
2016-06-19,5
2016-06-20,6
2016-06-21,21
2016-06-22,17
2016-06-23,9
2016-06-24,14
2016-06-25,8
2016-06-26,0
2016-06-27,4
2016-06-28,6
2016-06-29,6
2016-06-30,7
2016-07-01,10
2016-07-02,0
2016-07-03,0
2016-07-04,6
2016-07-05,5
2016-07-06,4
2016-07-07,7
2016-07-08,5
2016-07-09,5
2016-07-10,0
2016-07-11,4
2016-07-12,6
2016-07-13,8
2016-07-14,4
2016-07-15,4
2016-07-16,6
2016-07-17,5
2016-07-18,7
2016-07-19,6
2016-07-20,7
2016-07-21,7
2016-07-22,10
2016-07-23,6
2016-07-24,6
2016-07-25,8
2016-07-26,10
2016-07-27,10
2016-07-28,12
2016-07-29,13
2016-07-30,8
2016-07-31,6
2016-08-01,8
2016-08-02,7
2016-08-03,6
2016-08-04,6
2016-08-05,6
2016-08-06,6
2016-08-07,5
2016-08-08,20
2016-08-09,21
2016-08-10,7
2016-08-11,35
2016-08-12,19
2016-08-13,6
2016-08-14,7
2016-08-15,8
2016-08-16,9
2016-08-17,8
2016-08-18,5
2016-08-19,8
2016-08-20,0
2016-08-21,0
2016-08-22,10
2016-08-23,14
2016-08-24,10
2016-08-25,12
2016-08-26,11
2016-08-27,0
2016-08-28,7
2016-08-29,10
2016-08-30,10
2016-08-31,16
2016-09-01,15
2016-09-02,14
2016-09-03,0
2016-09-04,0
2016-09-05,9
2016-09-06,13
2016-09-07,17
2016-09-08,13
2016-09-09,14
2016-09-10,6
2016-09-11,6
2016-09-12,14
2016-09-13,19
2016-09-14,17
2016-09-15,15
2016-09-16,18
2016-09-17,4
2016-09-18,9
2016-09-19,17
2016-09-20,17
2016-09-21,16
2016-09-22,16
2016-09-23,16
2016-09-24,5
2016-09-25,12
2016-09-26,22
2016-09-27,32
2016-09-28,24
2016-09-29,22
2016-09-30,21
2016-10-01,9
2016-10-02,12
2016-10-03,18
2016-10-04,21
2016-10-05,22
2016-10-06,20
2016-10-07,13
2016-10-08,0
2016-10-09,10
2016-10-10,24
2016-10-11,22
2016-10-12,21
2016-10-13,25
2016-10-14,17
2016-10-15,12
2016-10-16,13
2016-10-17,21
2016-10-18,21
2016-10-19,20
2016-10-20,35
2016-10-21,22
2016-10-22,6
2016-10-23,17
2016-10-24,22
2016-10-25,25
2016-10-26,25
2016-10-27,26
2016-10-28,18
2016-10-29,8
2016-10-30,18
2016-10-31,25
2016-11-01,24
2016-11-02,28
2016-11-03,28
2016-11-04,29
2016-11-05,13
2016-11-06,18
2016-11-07,39
2016-11-08,41
2016-11-09,100
2016-11-10,38
2016-11-11,22
2016-11-12,11
2016-11-13,14
2016-11-14,23
2016-11-15,18
2016-11-16,19
2016-11-17,17
2016-11-18,16
2016-11-19,6
2016-11-20,7
2016-11-21,7
2016-11-22,11
2016-11-23,9
2016-11-24,0
2016-11-25,6
2016-11-26,8
2016-11-27,7
2016-11-28,12
2016-11-29,12
2016-11-30,17
2016-12-01,16
2016-12-02,63
2016-12-03,48
2016-12-04,42
2016-12-05,74
2016-12-06,71
2016-12-07,75
2016-12-08,84
2016-12-09,70
2016-12-10,32
2016-12-11,32
2016-12-12,62
2016-12-13,63
2016-12-14,72
2016-12-15,31
2016-12-16,57
2016-12-17,0
2016-12-18,26
2016-12-19,69
2016-12-20,38
2016-12-21,29
2016-12-22,33
2016-12-23,0
2016-12-24,0
2016-12-25,27
2016-12-26,30
2016-12-27,19
2016-12-28,18
2016-12-29,0
2016-12-30,0
2016-12-31,0
2017-01-01,0
2017-01-02,22
2017-01-03,44
2017-01-04,36
2017-01-05,41
2017-01-06,33
2017-01-07,29
2017-01-08,27
2017-01-09,47
2017-01-10,52
2017-01-11,66
2017-01-12,66
2017-01-13,59
2017-01-14,22
2017-01-15,26
2017-01-16,22
2017-01-17,61
2017-01-18,62
2017-01-19,92
2017-01-20,94
2017-01-21,65
2017-01-22,58
2017-01-23,82
2017-01-24,100
2017-01-25,92
2017-01-26,90
2017-01-27,78
2017-01-28,27
2017-01-29,43
2017-01-30,88
2017-01-31,94
2017-02-01,76
2017-02-02,73
2017-02-03,85
2017-02-04,29
2017-02-05,35
2017-02-06,57
2017-02-07,78
2017-02-08,79
2017-02-09,58
2017-02-10,83
2017-02-11,34
2017-02-12,42
2017-02-13,60
2017-02-14,77
2017-02-15,59
2017-02-16,72
2017-02-17,60
2017-02-18,31
2017-02-19,38
2017-02-20,26
2017-02-21,72
2017-02-22,67
2017-02-23,65
2017-02-24,64
2017-02-25,27
2017-02-26,23
2017-02-27,52
2017-02-28,69
2017-03-01,71
2017-03-02,65
2017-03-03,38
2017-03-04,0
2017-03-05,30
2017-03-06,66
2017-03-07,58
2017-03-08,58
2017-03-09,63
2017-03-10,51
2017-03-11,39
2017-03-12,46
2017-03-13,44
2017-03-14,49
2017-03-15,44
2017-03-16,70
2017-03-17,44
2017-03-18,29
2017-03-19,29
2017-03-20,65
2017-03-21,61
2017-03-22,56
2017-03-23,50
2017-03-24,26
2017-03-25,20
2017-03-26,38
2017-03-27,55
2017-03-28,47
2017-03-29,60
2017-03-30,66
2017-03-31,35
2017-04-01,23
2017-04-02,21
2017-04-03,49
2017-04-04,54
2017-04-05,54
2017-04-06,50
2017-04-07,62
2017-04-08,32
2017-04-09,38
2017-04-10,48
2017-04-11,66
2017-04-12,59
2017-04-13,44
2017-04-14,24
2017-04-15,0
2017-04-16,34
2017-04-17,43
2017-04-18,62
2017-04-19,72
2017-04-20,48
2017-04-21,48
2017-04-22,38
2017-04-23,44
2017-04-24,53
2017-04-25,63
2017-04-26,67
2017-04-27,58
2017-04-28,55
2017-04-29,33
2017-04-30,36
2017-05-01,57
2017-05-02,62
2017-05-03,63
2017-05-04,57