date,instagram,game,song,soccer,film
2012-01-01,1,62,19,9,100
2012-01-02,1,56,16,9,82
2012-01-03,1,55,15,8,67
2012-01-04,1,47,17,9,67
2012-01-05,1,53,25,8,64
2012-01-06,1,55,26,8,75
2012-01-07,1,62,23,10,95
2012-01-08,1,58,20,12,81
2012-01-09,1,49,16,9,63
2012-01-10,1,49,17,8,65
2012-01-11,1,51,16,8,64
2012-01-12,1,51,16,8,63
2012-01-13,1,58,18,8,75
2012-01-14,1,60,20,11,90
2012-01-15,2,57,18,10,82
2012-01-16,1,53,15,9,60
2012-01-17,1,52,15,8,58
2012-01-18,1,50,15,8,52
2012-01-19,1,51,16,8,56
2012-01-20,1,58,18,8,64
2012-01-21,1,64,25,12,83
2012-01-22,1,54,31,12,67
2012-01-23,1,51,21,8,54
2012-01-24,1,51,16,8,54
2012-01-25,1,59,17,9,65
2012-01-26,1,58,20,8,72
2012-01-27,1,58,17,9,68
2012-01-28,1,59,19,13,88
2012-01-29,1,54,17,11,70
2012-01-30,1,46,14,10,54
2012-01-31,1,49,15,12,57
2012-02-01,1,49,15,12,49
2012-02-02,1,52,14,12,54
2012-02-03,1,66,19,11,63
2012-02-04,2,71,21,15,79
2012-02-05,2,58,18,13,65
2012-02-06,1,43,14,11,48
2012-02-07,2,47,15,10,47
2012-02-08,2,48,16,10,44
2012-02-09,1,49,15,10,51
2012-02-10,1,61,17,11,63
2012-02-11,2,68,20,16,83
2012-02-12,2,57,17,13,65
2012-02-13,2,45,15,11,44
2012-02-14,2,50,15,10,46
2012-02-15,2,50,15,10,44
2012-02-16,2,53,15,11,46
2012-02-17,1,64,19,12,60
2012-02-18,2,74,22,13,82
2012-02-19,2,54,17,13,63
2012-02-20,2,47,14,11,46
2012-02-21,2,54,15,11,46
2012-02-22,1,55,15,11,45
2012-02-23,2,56,15,10,44
2012-02-24,2,69,16,10,59
2012-02-25,2,73,19,13,82
2012-02-26,2,59,18,14,67
2012-02-27,2,50,14,11,49
2012-02-28,2,54,15,11,48
2012-02-29,1,58,14,14,46
2012-03-01,1,58,15,13,46
2012-03-02,1,70,17,11,62
2012-03-03,2,75,19,15,87
2012-03-04,2,61,18,14,69
2012-03-05,2,54,14,11,48
2012-03-06,2,55,15,12,44
2012-03-07,1,54,14,12,46
2012-03-08,1,56,15,11,46
2012-03-09,1,73,17,11,62
2012-03-10,2,72,20,14,79
2012-03-11,2,62,18,13,71
2012-03-12,2,56,15,12,52
2012-03-13,2,53,15,11,48
2012-03-14,2,55,15,13,47
2012-03-15,2,56,15,12,46
2012-03-16,2,74,17,13,61
2012-03-17,2,76,21,15,84
2012-03-18,2,63,18,16,65
2012-03-19,2,53,15,13,47
2012-03-20,1,54,14,12,49
2012-03-21,2,56,15,13,49
2012-03-22,1,62,15,13,52
2012-03-23,2,73,17,13,67
2012-03-24,2,73,20,16,82
2012-03-25,2,60,17,14,65
2012-03-26,2,54,15,12,49
2012-03-27,2,56,15,12,49
2012-03-28,2,59,15,13,49
2012-03-29,2,61,17,13,49
2012-03-30,2,77,18,15,58
2012-03-31,2,76,20,18,82
2012-04-01,2,68,18,16,70
2012-04-02,2,60,15,12,51
2012-04-03,2,60,15,11,53
2012-04-04,3,62,16,12,50
2012-04-05,2,76,18,12,64
2012-04-06,3,76,22,12,92
2012-04-07,3,72,21,16,85
2012-04-08,3,69,21,16,96
2012-04-09,5,62,18,14,77
2012-04-10,10,50,16,13,60
2012-04-11,6,54,16,13,58
2012-04-12,4,54,16,13,55
2012-04-13,4,56,19,16,62
2012-04-14,4,62,20,24,83
2012-04-15,4,56,20,20,69
2012-04-16,3,46,18,15,52
2012-04-17,3,49,17,15,49
2012-04-18,3,52,16,14,53
2012-04-19,3,49,16,13,51
2012-04-20,3,60,18,18,62
2012-04-21,3,68,22,22,79
2012-04-22,3,60,20,21,67
2012-04-23,3,50,17,14,50
2012-04-24,3,61,18,13,62
2012-04-25,3,59,18,16,73
2012-04-26,3,50,14,13,49
2012-04-27,3,66,17,19,60
2012-04-28,3,68,21,20,86
2012-04-29,3,57,18,19,70
2012-04-30,3,48,16,16,46
2012-05-01,3,52,16,14,48
2012-05-02,3,53,15,12,46
2012-05-03,3,60,15,14,45
2012-05-04,3,69,18,16,57
2012-05-05,3,77,21,22,79
2012-05-06,3,60,18,21,66
2012-05-07,3,53,16,15,49
2012-05-08,3,57,14,13,42
2012-05-09,3,56,15,12,43
2012-05-10,3,59,17,13,47
2012-05-11,3,73,18,16,58
2012-05-12,3,72,22,19,77
2012-05-13,3,62,19,21,66
2012-05-14,3,54,18,16,43
2012-05-15,3,58,16,12,43
2012-05-16,3,57,15,13,43
2012-05-17,3,62,15,13,47
2012-05-18,3,72,18,16,61
2012-05-19,3,78,22,23,82
2012-05-20,4,62,18,19,66
2012-05-21,3,55,17,14,45
2012-05-22,3,59,16,12,46
2012-05-23,2,66,16,13,46
2012-05-24,3,67,17,13,48
2012-05-25,3,84,19,18,64
2012-05-26,3,76,23,19,80
2012-05-27,3,62,21,17,68
2012-05-28,3,54,18,14,43
2012-05-29,3,56,15,13,48
2012-05-30,3,61,16,13,47
2012-05-31,3,65,16,13,47
2012-06-01,2,76,18,19,58
2012-06-02,3,80,22,23,86
2012-06-03,4,67,18,17,71
2012-06-04,3,62,17,14,52
2012-06-05,3,62,16,12,47
2012-06-06,3,65,16,13,47
2012-06-07,3,65,16,12,51
2012-06-08,3,77,17,20,63
2012-06-09,4,78,21,22,84
2012-06-10,4,74,19,19,92
2012-06-11,4,65,19,18,69
2012-06-12,3,60,15,22,50
2012-06-13,3,68,15,16,46
2012-06-14,3,66,15,17,51
2012-06-15,3,78,17,20,64
2012-06-16,4,74,20,20,86
2012-06-17,4,64,20,18,67
2012-06-18,3,62,16,16,48
2012-06-19,3,63,15,14,50
2012-06-20,3,65,16,14,51
2012-06-21,3,73,16,14,51
2012-06-22,3,87,17,19,64
2012-06-23,4,79,21,22,83
2012-06-24,4,67,18,24,71
2012-06-25,4,67,15,15,55
2012-06-26,4,67,15,12,56
2012-06-27,3,66,15,14,56
2012-06-28,3,77,16,17,57
2012-06-29,3,83,17,16,66
2012-06-30,17,76,19,17,85
2012-07-01,5,69,18,19,80
2012-07-02,4,58,15,13,61
2012-07-03,4,61,15,11,64
2012-07-04,3,67,16,12,58
2012-07-05,4,60,16,11,65
2012-07-06,3,63,18,13,74
2012-07-07,4,67,21,14,88
2012-07-08,4,62,18,13,80
2012-07-09,4,56,15,11,61
2012-07-10,4,59,16,11,63
2012-07-11,3,57,16,10,61
2012-07-12,3,58,17,11,63
2012-07-13,3,64,18,16,71
2012-07-14,4,66,22,16,96
2012-07-15,4,58,20,14,75
2012-07-16,3,52,15,11,53
2012-07-17,3,53,15,11,51
2012-07-18,3,56,16,11,51
2012-07-19,3,57,15,12,54
2012-07-20,4,69,17,15,68
2012-07-21,4,68,20,17,86
2012-07-22,4,59,19,15,75
2012-07-23,4,56,15,12,51
2012-07-24,3,60,15,11,52
2012-07-25,3,64,17,12,50
2012-07-26,3,59,16,13,49
2012-07-27,3,79,17,16,60
2012-07-28,4,91,21,18,76
2012-07-29,4,81,17,15,64
2012-07-30,3,76,15,13,46
2012-07-31,3,74,15,12,46
2012-08-01,4,75,15,12,45
2012-08-02,4,72,16,12,49
2012-08-03,3,87,17,15,57
2012-08-04,4,83,20,19,80
2012-08-05,4,73,18,16,66
2012-08-06,4,64,15,12,47
2012-08-07,3,75,15,12,45
2012-08-08,4,80,16,12,46
2012-08-09,3,81,15,14,45
2012-08-10,4,91,18,23,58
2012-08-11,4,84,20,21,81
2012-08-12,5,71,20,17,68
2012-08-13,4,61,16,13,46
2012-08-14,4,61,16,12,46
2012-08-15,4,61,15,14,49
2012-08-16,4,63,17,13,48
2012-08-17,4,79,18,16,60
2012-08-18,5,79,23,21,83
2012-08-19,5,60,20,18,64
2012-08-20,4,57,17,15,47
2012-08-21,4,59,17,13,46
2012-08-22,4,60,17,12,46
2012-08-23,4,61,15,13,47
2012-08-24,4,80,19,15,59
2012-08-25,4,74,21,20,77
2012-08-26,5,59,20,19,63
2012-08-27,4,51,15,13,47
2012-08-28,4,56,16,12,45
2012-08-29,4,57,17,13,46
2012-08-30,4,59,16,12,48
2012-08-31,4,75,18,16,60
2012-09-01,7,73,22,20,76
2012-09-02,6,60,19,19,66
2012-09-03,4,55,15,13,46
2012-09-04,4,60,15,11,49
2012-09-05,4,61,16,11,46
2012-09-06,4,59,16,12,48
2012-09-07,4,75,19,14,60
2012-09-08,5,71,23,18,81
2012-09-09,5,59,20,15,70
2012-09-10,4,52,16,15,45
2012-09-11,4,56,16,13,46
2012-09-12,4,57,16,11,48
2012-09-13,4,58,17,10,50
2012-09-14,4,74,19,12,62
2012-09-15,5,68,22,20,92
2012-09-16,5,54,19,15,70
2012-09-17,4,54,16,12,53
2012-09-18,4,61,16,12,51
2012-09-19,4,60,17,12,49
2012-09-20,4,68,18,11,54
2012-09-21,4,83,21,12,67
2012-09-22,5,72,23,17,82
2012-09-23,5,55,20,16,76
2012-09-24,5,51,15,10,55
2012-09-25,4,51,17,9,56
2012-09-26,4,48,16,10,55
2012-09-27,4,50,17,9,55
2012-09-28,5,56,20,9,65
2012-09-29,5,64,27,17,81
2012-09-30,5,54,21,13,79
2012-10-01,5,48,19,9,67
2012-10-02,5,45,17,9,51
2012-10-03,5,43,16,10,55
2012-10-04,5,46,17,9,56
2012-10-05,5,49,18,9,67
2012-10-06,5,56,21,13,87
2012-10-07,5,46,18,13,68
2012-10-08,5,42,16,11,48
2012-10-09,4,45,16,10,47
2012-10-10,4,46,16,8,47
2012-10-11,4,50,16,9,52
2012-10-12,5,57,19,11,63
2012-10-13,5,53,21,13,79
2012-10-14,5,47,18,11,63
2012-10-15,4,43,15,10,48
2012-10-16,5,45,16,12,47
2012-10-17,4,45,16,11,47
2012-10-18,4,49,17,8,54
2012-10-19,5,59,20,9,61
2012-10-20,5,59,21,14,78
2012-10-21,6,51,19,12,68
2012-10-22,4,46,17,9,49
2012-10-23,5,50,16,10,47
2012-10-24,4,52,16,10,48
2012-10-25,5,53,17,9,51
2012-10-26,5,62,19,8,63
2012-10-27,6,58,22,12,83
2012-10-28,6,49,19,13,66
2012-10-29,5,49,16,9,45
2012-10-30,5,50,16,9,44
2012-10-31,5,50,16,11,50
2012-11-01,5,53,17,9,47
2012-11-02,5,62,19,9,64
2012-11-03,5,66,21,13,80
2012-11-04,6,51,18,12,68
2012-11-05,5,54,17,9,47
2012-11-06,6,51,16,9,46
2012-11-07,7,48,16,10,45
2012-11-08,8,55,17,10,50
2012-11-09,7,59,18,9,62
2012-11-10,7,58,23,13,82
2012-11-11,7,48,19,12,66
2012-11-12,5,49,17,9,47
2012-11-13,5,51,16,8,48
2012-11-14,6,53,17,10,50
2012-11-15,5,53,17,11,51
2012-11-16,5,66,19,9,66
2012-11-17,7,60,23,13,85
2012-11-18,7,52,18,12,70
2012-11-19,6,49,17,9,49
2012-11-20,5,51,17,8,47
2012-11-21,5,57,17,9,50
2012-11-22,5,56,17,10,50
2012-11-23,5,66,19,9,61
2012-11-24,6,63,20,13,85
2012-11-25,7,54,18,11,69
2012-11-26,5,55,16,8,52
2012-11-27,6,57,17,9,55
2012-11-28,5,60,16,10,55
2012-11-29,6,68,17,9,51
2012-11-30,6,71,19,8,65
2012-12-01,7,68,22,12,83
2012-12-02,6,56,19,12,75
2012-12-03,6,57,16,10,55
2012-12-04,5,63,16,10,55
2012-12-05,5,59,16,10,57
2012-12-06,5,64,17,9,52
2012-12-07,5,70,19,9,63
2012-12-08,6,64,21,11,81
2012-12-09,6,56,19,14,78
2012-12-10,5,60,16,11,57
2012-12-11,6,62,16,9,54
2012-12-12,6,66,17,9,56
2012-12-13,6,66,18,9,54
2012-12-14,6,73,20,8,65
2012-12-15,6,65,21,11,86
2012-12-16,6,57,19,11,73
2012-12-17,5,58,16,8,59
2012-12-18,9,61,16,7,55
2012-12-19,10,55,17,8,58
2012-12-20,6,54,18,8,58
2012-12-21,7,59,21,8,69
2012-12-22,7,60,24,11,85
2012-12-23,7,61,21,11,83
2012-12-24,7,56,26,8,76
2012-12-25,8,53,23,8,97
2012-12-26,7,48,18,11,93
2012-12-27,7,42,16,9,87
2012-12-28,7,43,19,7,89
2012-12-29,7,45,20,11,97
2012-12-30,6,43,19,10,91
2012-12-31,6,44,24,8,81
2013-01-01,8,42,18,12,96
2013-01-02,7,38,16,10,76
2013-01-03,6,40,16,9,75
2013-01-04,6,41,19,8,83
2013-01-05,7,47,21,11,99
2013-01-06,7,43,19,12,89
2013-01-07,6,37,16,9,66
2013-01-08,6,38,16,8,67
2013-01-09,6,38,17,9,69
2013-01-10,6,41,17,8,68
2013-01-11,6,40,20,8,78
2013-01-12,6,44,22,12,100
2013-01-13,7,44,19,13,86
2013-01-14,7,36,17,9,63
2013-01-15,6,40,16,9,62
2013-01-16,7,40,16,10,60
2013-01-17,6,39,16,9,62
2013-01-18,7,41,18,9,71
2013-01-19,7,45,21,12,87
2013-01-20,8,40,18,12,79
2013-01-21,8,39,16,10,63
2013-01-22,7,38,15,9,60
2013-01-23,6,38,16,10,59
2013-01-24,6,38,16,10,63
2013-01-25,6,40,18,9,73
2013-01-26,6,43,23,12,91
2013-01-27,7,46,18,12,99
2013-01-28,7,41,16,10,83
2013-01-29,6,34,13,11,58
2013-01-30,5,31,14,12,52
2013-01-31,5,35,16,11,56
2013-02-01,6,42,19,12,72
2013-02-02,7,47,25,15,94
2013-02-03,7,40,19,14,75
2013-02-04,6,33,14,12,51
2013-02-05,6,35,15,11,53
2013-02-06,6,39,16,12,51
2013-02-07,7,38,17,12,51
2013-02-08,9,47,19,11,67
2013-02-09,10,56,23,16,92
2013-02-10,9,44,19,14,74
2013-02-11,7,41,16,12,51
2013-02-12,7,42,16,12,51
2013-02-13,7,46,16,13,52
2013-02-14,7,48,18,12,52
2013-02-15,7,55,20,12,66
2013-02-16,9,58,23,16,91
2013-02-17,9,50,19,14,74
2013-02-18,7,43,16,12,51
2013-02-19,7,44,16,13,52
2013-02-20,8,44,16,12,49
2013-02-21,7,45,16,12,53
2013-02-22,8,55,20,12,64
2013-02-23,9,56,22,15,89
2013-02-24,9,45,18,14,73
2013-02-25,7,41,16,11,49
2013-02-26,7,44,16,11,51
2013-02-27,7,45,16,12,49
2013-02-28,7,46,16,11,52
2013-03-01,8,59,21,11,74
2013-03-02,9,57,21,15,94
2013-03-03,9,48,21,14,74
2013-03-04,7,42,16,12,49
2013-03-05,7,42,17,12,47
2013-03-06,7,43,17,12,49
2013-03-07,7,47,18,12,50
2013-03-08,8,56,19,11,64
2013-03-09,9,58,22,15,85
2013-03-10,10,49,19,15,77
2013-03-11,8,43,16,12,55
2013-03-12,8,45,16,12,49
2013-03-13,8,44,16,13,46
2013-03-14,8,46,16,12,50
2013-03-15,8,53,18,13,61
2013-03-16,10,56,21,16,86
2013-03-17,10,48,19,15,69
2013-03-18,8,43,16,13,48
2013-03-19,8,43,16,12,50
2013-03-20,8,45,16,12,47
2013-03-21,8,47,16,12,50
2013-03-22,8,60,19,16,60
2013-03-23,9,60,22,17,86
2013-03-24,10,46,19,14,66
2013-03-25,9,43,15,12,47
2013-03-26,8,46,16,17,49
2013-03-27,8,51,16,12,51
2013-03-28,9,60,19,12,66
2013-03-29,11,61,23,13,96
2013-03-30,10,54,24,15,87
2013-03-31,12,57,22,14,97
2013-04-01,10,47,18,14,76
2013-04-02,9,40,14,12,54
2013-04-03,9,43,15,12,53
2013-04-04,8,43,16,12,51
2013-04-05,9,50,17,18,61
2013-04-06,10,49,20,19,82
2013-04-07,9,42,18,18,68
2013-04-08,8,40,15,14,49
2013-04-09,8,41,16,13,51
2013-04-10,7,43,17,13,49
2013-04-11,8,44,16,12,53
2013-04-12,8,51,18,16,61
2013-04-13,9,51,23,21,79
2013-04-14,10,43,18,18,65
2013-04-15,8,38,15,13,53
2013-04-16,8,36,15,11,50
2013-04-17,8,38,15,11,49
2013-04-18,8,39,16,11,49
2013-04-19,8,46,17,15,62
2013-04-20,8,51,21,19,82
2013-04-21,9,44,19,19,68
2013-04-22,8,39,15,13,49
2013-04-23,7,38,16,12,49
2013-04-24,8,41,19,12,56
2013-04-25,8,46,21,13,67
2013-04-26,9,45,17,14,65
2013-04-27,9,47,24,20,79
2013-04-28,10,43,19,18,67
2013-04-29,8,36,15,12,47
2013-04-30,8,37,16,11,46
2013-05-01,8,41,15,12,45
2013-05-02,7,41,15,12,49
2013-05-03,8,48,17,15,61
2013-05-04,9,50,21,19,77
2013-05-05,10,41,18,18,66
2013-05-06,8,36,15,12,45
2013-05-07,8,40,15,11,44
2013-05-08,8,38,16,12,43
2013-05-09,7,42,15,12,48
2013-05-10,7,50,17,16,57
2013-05-11,9,51,21,21,76
2013-05-12,10,44,22,20,64
2013-05-13,8,41,15,13,46
2013-05-14,7,43,16,12,45
2013-05-15,7,44,15,12,44
2013-05-16,8,45,16,13,48
2013-05-17,8,54,18,15,58
2013-05-18,9,54,23,18,80
2013-05-19,10,44,19,18,65
2013-05-20,8,43,17,13,47
2013-05-21,8,42,14,11,47
2013-05-22,8,45,16,12,48
2013-05-23,8,50,15,12,49
2013-05-24,9,54,18,18,62
2013-05-25,10,55,23,19,81
2013-05-26,11,43,20,16,70
2013-05-27,9,43,16,13,48
2013-05-28,8,44,15,11,46
2013-05-29,8,42,15,12,49
2013-05-30,8,50,16,12,50
2013-05-31,8,57,19,16,66
2013-06-01,10,56,22,18,90
2013-06-02,10,48,19,15,78
2013-06-03,8,42,17,13,50
2013-06-04,8,45,17,20,46
2013-06-05,8,56,17,14,46
2013-06-06,8,49,17,12,52
2013-06-07,8,56,18,14,67
2013-06-08,9,56,23,16,93
2013-06-09,10,50,20,13,89
2013-06-10,10,45,18,12,69
2013-06-11,8,43,15,24,49
2013-06-12,8,52,16,14,51
2013-06-13,8,50,16,12,54
2013-06-14,9,55,18,16,65
2013-06-15,10,55,23,17,89
2013-06-16,10,48,21,16,71
2013-06-17,8,47,18,13,50
2013-06-18,8,46,17,35,49
2013-06-19,8,54,16,15,52
2013-06-20,9,50,16,13,53
2013-06-21,11,67,19,15,71
2013-06-22,12,57,24,19,93
2013-06-23,12,49,20,15,79
2013-06-24,10,47,15,12,56
2013-06-25,9,51,15,12,54
2013-06-26,9,57,16,11,51
2013-06-27,9,54,18,12,55
2013-06-28,9,62,18,14,69
2013-06-29,10,55,22,14,100
2013-06-30,10,48,20,14,80
2013-07-01,9,43,20,11,63
2013-07-02,9,42,15,10,61
2013-07-03,9,43,16,10,59
2013-07-04,9,41,15,10,57
2013-07-05,9,47,18,12,68
2013-07-06,11,53,21,15,86
2013-07-07,10,47,19,14,75
2013-07-08,10,42,15,12,57
2013-07-09,9,40,16,11,60
2013-07-10,9,42,15,11,59
2013-07-11,10,42,16,10,60
2013-07-12,10,45,19,13,70
2013-07-13,9,48,20,15,88
2013-07-14,10,39,18,13,72
2013-07-15,9,37,16,11,51
2013-07-16,9,37,17,10,50
2013-07-17,9,47,17,11,48
2013-07-18,8,41,18,11,50
2013-07-19,9,51,19,15,63
2013-07-20,10,51,22,22,86
2013-07-21,10,42,19,15,75
2013-07-22,8,40,17,11,50
2013-07-23,8,36,19,11,48
2013-07-24,8,40,18,15,46
2013-07-25,8,40,18,13,54
2013-07-26,9,49,20,15,65
2013-07-27,9,48,22,18,85
2013-07-28,11,39,20,16,72
2013-07-29,8,38,17,13,45
2013-07-30,9,39,16,11,46
2013-07-31,8,40,17,11,45
2013-08-01,8,40,17,11,46
2013-08-02,9,52,19,14,62
2013-08-03,10,49,23,17,85
2013-08-04,10,43,22,15,65
2013-08-05,9,39,16,12,45
2013-08-06,8,41,17,11,47
2013-08-07,8,41,17,12,47
2013-08-08,9,47,17,12,49
2013-08-09,9,52,18,15,61
2013-08-10,10,48,23,17,83
2013-08-11,11,42,21,16,63
2013-08-12,9,40,18,12,47
2013-08-13,9,40,16,12,47
2013-08-14,9,42,18,12,47
2013-08-15,9,42,17,12,48
2013-08-16,10,53,20,15,61
2013-08-17,13,47,23,21,76
2013-08-18,11,40,20,18,69
2013-08-19,9,38,16,13,45
2013-08-20,9,38,17,12,47
2013-08-21,9,39,19,12,46
2013-08-22,9,43,17,12,46
2013-08-23,9,52,18,14,62
2013-08-24,10,50,23,18,84
2013-08-25,12,39,20,17,69
2013-08-26,8,39,16,13,45
2013-08-27,8,41,17,12,45
2013-08-28,8,41,16,12,47
2013-08-29,9,44,16,12,47
2013-08-30,9,52,18,14,59
2013-08-31,11,49,22,19,77
2013-09-01,11,38,20,19,64
2013-09-02,9,37,16,16,46
2013-09-03,10,43,16,13,47
2013-09-04,9,41,17,11,46
2013-09-05,9,45,18,11,46
2013-09-06,9,51,19,14,60
2013-09-07,10,50,22,19,73
2013-09-08,10,43,21,16,64
2013-09-09,9,38,16,12,47
2013-09-10,8,40,16,12,46
2013-09-11,8,41,18,11,46
2013-09-12,9,43,18,10,47
2013-09-13,9,53,19,12,62
2013-09-14,10,51,23,19,85
2013-09-15,11,42,22,16,67
2013-09-16,9,45,17,12,50
2013-09-17,9,46,17,11,50
2013-09-18,9,48,17,12,49
2013-09-19,9,51,16,11,48
2013-09-20,9,55,19,11,62
2013-09-21,10,51,23,17,82
2013-09-22,11,42,21,15,79
2013-09-23,10,37,16,10,54
2013-09-24,10,38,17,9,56
2013-09-25,10,38,16,10,54
2013-09-26,10,39,18,9,57
2013-09-27,10,49,20,10,65
2013-09-28,11,49,24,17,83
2013-09-29,11,38,20,13,74
2013-09-30,10,35,17,9,58
2013-10-01,9,34,15,9,58
2013-10-02,10,33,15,9,58
2013-10-03,9,32,17,9,62
2013-10-04,10,32,17,8,66
2013-10-05,11,36,20,11,82
2013-10-06,11,38,19,13,76
2013-10-07,10,32,17,9,62
2013-10-08,10,35,14,8,51
2013-10-09,9,36,15,8,47
2013-10-10,10,39,16,8,49
2013-10-11,9,42,18,12,63
2013-10-12,10,38,20,14,79
2013-10-13,10,35,19,10,71
2013-10-14,9,33,16,10,49
2013-10-15,9,36,16,11,46
2013-10-16,9,36,17,11,46
2013-10-17,9,39,16,8,47
2013-10-18,9,45,18,9,64
2013-10-19,11,38,19,12,79
2013-10-20,10,34,18,10,67
2013-10-21,10,36,15,9,48
2013-10-22,9,39,15,9,47
2013-10-23,9,39,15,9,43
2013-10-24,9,40,16,8,47
2013-10-25,9,45,19,9,63
2013-10-26,11,40,21,12,79
2013-10-27,11,39,20,12,64
2013-10-28,9,34,18,9,48
2013-10-29,9,38,16,9,46
2013-10-30,9,39,16,9,48
2013-10-31,9,40,16,8,48
2013-11-01,10,50,18,9,65
2013-11-02,11,45,21,11,82
2013-11-03,12,40,20,10,67
2013-11-04,10,36,16,8,52
2013-11-05,10,37,16,8,51
2013-11-06,10,38,18,9,45
2013-11-07,10,40,16,9,47
2013-11-08,9,49,18,9,65
2013-11-09,13,44,20,12,86
2013-11-10,12,39,18,12,70
2013-11-11,10,40,15,9,53
2013-11-12,9,44,16,8,49
2013-11-13,10,44,16,9,48
2013-11-14,9,45,17,8,49
2013-11-15,9,49,18,10,61
2013-11-16,11,47,19,11,88
2013-11-17,11,40,18,9,73
2013-11-18,10,41,15,8,52
2013-11-19,9,43,16,14,49
2013-11-20,10,43,16,10,48
2013-11-21,9,44,16,8,49
2013-11-22,10,53,19,8,68
2013-11-23,11,49,20,11,85
2013-11-24,10,43,18,10,70
2013-11-25,10,42,15,8,54
2013-11-26,9,43,16,9,50
2013-11-27,9,42,16,9,52
2013-11-28,9,50,16,8,52
2013-11-29,10,55,18,8,69
2013-11-30,11,48,21,10,82
2013-12-01,11,40,17,11,74
2013-12-02,9,42,14,8,50
2013-12-03,9,44,15,7,50
2013-12-04,9,46,15,9,51
2013-12-05,9,46,15,8,52
2013-12-06,9,49,20,10,61
2013-12-07,11,44,20,13,78
2013-12-08,11,40,18,10,70
2013-12-09,9,44,14,8,52
2013-12-10,10,43,15,8,52
2013-12-11,9,46,15,8,52
2013-12-12,9,47,16,8,52
2013-12-13,10,49,17,7,60
2013-12-14,10,41,19,11,81
2013-12-15,10,41,17,10,70
2013-12-16,10,42,13,8,56
2013-12-17,10,41,15,7,54
2013-12-18,10,41,16,7,55
2013-12-19,9,41,15,7,59
2013-12-20,10,40,17,7,64
2013-12-21,10,40,20,10,81
2013-12-22,11,38,18,9,78
2013-12-23,9,35,16,8,65
2013-12-24,11,36,22,6,67
2013-12-25,12,38,21,6,86
2013-12-26,10,30,16,8,83
2013-12-27,10,30,15,7,79
2013-12-28,11,30,16,9,88
2013-12-29,11,30,16,9,84
2013-12-30,10,30,16,6,75
2013-12-31,10,32,22,6,70
2014-01-01,12,32,16,9,91
2014-01-02,10,25,14,7,72
2014-01-03,11,30,14,7,78
2014-01-04,12,30,16,8,89
2014-01-05,12,30,18,9,81
2014-01-06,10,26,13,7,65
2014-01-07,10,25,13,7,65
2014-01-08,10,25,13,7,63
2014-01-09,10,26,14,8,63
2014-01-10,9,29,15,7,72
2014-01-11,11,31,18,10,89
2014-01-12,11,28,15,9,75
2014-01-13,10,26,13,8,60
2014-01-14,9,24,12,7,57
2014-01-15,9,26,13,7,54
2014-01-16,9,26,14,7,57
2014-01-17,9,28,15,7,68
2014-01-18,11,31,19,10,83
2014-01-19,11,32,15,10,75
2014-01-20,10,27,12,8,57
2014-01-21,10,26,13,7,57
2014-01-22,10,27,13,8,55
2014-01-23,10,27,14,9,59
2014-01-24,10,28,18,9,64
2014-01-25,11,33,19,11,85
2014-01-26,11,29,21,9,79
2014-01-27,11,27,16,9,72
2014-01-28,10,25,13,10,52
2014-01-29,10,25,13,10,49
2014-01-30,9,27,13,9,51
2014-01-31,10,32,15,10,62
2014-02-01,11,33,19,13,87
2014-02-02,11,31,15,11,69
2014-02-03,9,25,13,10,47
2014-02-04,9,27,14,9,47
2014-02-05,9,29,14,9,52
2014-02-06,9,28,14,9,54
2014-02-07,10,35,17,10,69
2014-02-08,11,38,18,13,78
2014-02-09,10,30,15,11,72
2014-02-10,9,29,13,9,49
2014-02-11,9,31,13,10,47
2014-02-12,9,30,13,11,47
2014-02-13,9,32,14,10,45
2014-02-14,10,39,16,10,66
2014-02-15,11,45,19,12,85
2014-02-16,11,34,16,12,69
2014-02-17,9,31,14,9,46
2014-02-18,9,32,13,10,45
2014-02-19,9,33,13,10,46
2014-02-20,9,34,14,10,46
2014-02-21,10,39,17,9,63
2014-02-22,12,39,18,12,77
2014-02-23,11,33,16,13,65
2014-02-24,11,30,13,10,46
2014-02-25,10,31,13,10,45
2014-02-26,9,32,13,10,46
2014-02-27,9,33,14,10,45
2014-02-28,11,41,16,10,64
2014-03-01,11,37,18,12,83
2014-03-02,11,31,17,12,68
2014-03-03,10,30,13,9,52
2014-03-04,9,30,13,9,44
2014-03-05,9,30,13,12,44
2014-03-06,11,34,14,11,48
2014-03-07,10,39,18,10,64
2014-03-08,11,38,19,13,80
2014-03-09,11,32,16,12,72
2014-03-10,10,30,13,10,47
2014-03-11,11,30,13,10,44
2014-03-12,10,30,14,11,44
2014-03-13,9,32,14,10,43
2014-03-14,10,40,16,11,58
2014-03-15,11,38,19,13,80
2014-03-16,11,32,16,14,62
2014-03-17,10,29,13,11,45
2014-03-18,10,33,13,10,45
2014-03-19,10,31,14,11,44
2014-03-20,9,34,14,11,46
2014-03-21,10,40,16,11,59
2014-03-22,11,41,19,15,81
2014-03-23,11,33,16,14,63
2014-03-24,10,32,14,11,47
2014-03-25,10,32,14,11,46
2014-03-26,9,36,14,12,47
2014-03-27,9,38,14,12,50
2014-03-28,10,43,16,12,64
2014-03-29,11,43,19,15,82
2014-03-30,11,31,16,13,67
2014-03-31,11,33,14,12,47
2014-04-01,9,33,13,12,45
2014-04-02,10,35,15,12,47
2014-04-03,10,37,15,12,50
2014-04-04,11,44,19,17,68
2014-04-05,12,40,20,18,89
2014-04-06,12,36,17,15,71
2014-04-07,11,33,13,11,53
2014-04-08,11,35,14,11,55
2014-04-09,11,35,14,12,52
2014-04-10,11,38,15,11,54
2014-04-11,11,46,18,14,71
2014-04-12,13,40,23,18,96
2014-04-13,13,37,17,17,82
2014-04-14,11,31,14,10,65
2014-04-15,11,31,14,10,62
2014-04-16,12,34,16,10,65
2014-04-17,11,31,17,10,68
2014-04-18,12,38,20,11,96
2014-04-19,12,34,20,14,88
2014-04-20,13,33,19,15,99
2014-04-21,13,32,17,12,84
2014-04-22,11,29,15,11,60
2014-04-23,12,29,14,11,58
2014-04-24,11,34,17,11,68
2014-04-25,12,44,20,15,90
2014-04-26,12,38,19,19,100
2014-04-27,13,33,16,18,76
2014-04-28,12,28,14,12,55
2014-04-29,11,32,13,13,50
2014-04-30,11,30,14,12,49
2014-05-01,10,31,15,11,50
2014-05-02,11,40,17,15,67
2014-05-03,12,39,21,18,93
2014-05-04,12,31,19,21,76
2014-05-05,11,31,16,15,49
2014-05-06,11,29,16,12,47
2014-05-07,11,32,16,12,46
2014-05-08,10,33,15,11,49
2014-05-09,11,42,18,14,64
2014-05-10,12,38,21,16,86
2014-05-11,13,34,20,17,69
2014-05-12,11,32,15,13,45
2014-05-13,11,35,15,11,43
2014-05-14,11,36,15,12,44
2014-05-15,11,37,14,12,48
2014-05-16,11,42,17,14,64
2014-05-17,12,41,20,19,88
2014-05-18,12,34,17,15,70
2014-05-19,11,33,15,12,46
2014-05-20,11,37,15,11,48
2014-05-21,10,35,15,12,48
2014-05-22,10,37,15,12,50
2014-05-23,10,42,17,14,62
2014-05-24,13,44,20,23,85
2014-05-25,13,32,18,17,72
2014-05-26,11,35,15,17,47
2014-05-27,11,38,14,13,48
2014-05-28,11,44,15,13,48
2014-05-29,11,39,15,13,50
2014-05-30,11,44,16,15,64
2014-05-31,12,42,19,17,90
2014-06-01,13,37,17,16,77
2014-06-02,11,34,15,13,51
2014-06-03,12,37,14,12,48
2014-06-04,11,38,15,13,51
2014-06-05,11,40,16,14,54
2014-06-06,11,48,17,17,69
2014-06-07,14,41,19,18,90
2014-06-08,13,39,20,15,90
2014-06-09,12,37,17,14,65
2014-06-10,10,39,14,14,52
2014-06-11,11,40,15,16,48
2014-06-12,10,41,16,26,47
2014-06-13,10,52,16,43,65
2014-06-14,13,49,20,41,90
2014-06-15,12,35,17,34,68
2014-06-16,11,39,14,26,46
2014-06-17,11,42,15,25,48
2014-06-18,11,52,14,33,46
2014-06-19,12,43,17,26,49
2014-06-20,12,50,18,27,68
2014-06-21,12,43,19,28,86
2014-06-22,13,38,17,25,73
2014-06-23,12,41,16,23,50
2014-06-24,10,42,14,20,54
2014-06-25,11,44,14,21,53
2014-06-26,11,46,15,20,56
2014-06-27,11,51,18,19,70
2014-06-28,13,43,19,24,89
2014-06-29,13,40,17,23,82
2014-06-30,11,36,15,20,59
2014-07-01,11,36,14,18,57
2014-07-02,11,35,14,15,58
2014-07-03,12,33,15,14,62
2014-07-04,11,38,17,18,68
2014-07-05,13,39,21,23,89
2014-07-06,13,35,18,17,77
2014-07-07,12,29,14,13,62
2014-07-08,12,32,14,18,62
2014-07-09,11,39,15,24,62
2014-07-10,11,32,15,16,63
2014-07-11,12,32,16,16,68
2014-07-12,13,35,19,21,87
2014-07-13,13,31,17,28,73
2014-07-14,12,28,15,16,53
2014-07-15,12,32,14,13,51
2014-07-16,11,34,15,12,50
2014-07-17,11,35,14,13,54
2014-07-18,11,39,16,14,63
2014-07-19,12,38,19,16,86
2014-07-20,12,33,19,15,72
2014-07-21,11,30,15,12,49
2014-07-22,11,35,16,11,48
2014-07-23,11,38,15,12,49
2014-07-24,11,38,14,11,51
2014-07-25,11,46,17,15,69
2014-07-26,12,44,19,15,86
2014-07-27,12,37,16,13,70
2014-07-28,12,35,14,11,50
2014-07-29,12,37,14,11,50
2014-07-30,11,39,14,11,47
2014-07-31,11,40,15,10,52
2014-08-01,11,46,17,13,65
2014-08-02,12,43,19,13,83
2014-08-03,12,36,17,13,67
2014-08-04,11,32,13,11,45
2014-08-05,10,33,13,11,45
2014-08-06,10,33,14,10,45
2014-08-07,11,32,15,10,49
2014-08-08,11,40,16,13,58
2014-08-09,13,35,18,15,81
2014-08-10,12,32,16,15,67
2014-08-11,10,31,13,11,47
2014-08-12,10,33,14,11,59
2014-08-13,11,34,14,11,51
2014-08-14,10,33,13,11,47
2014-08-15,10,41,17,15,62
2014-08-16,12,40,19,19,85
2014-08-17,12,33,16,15,74
2014-08-18,11,33,13,13,49
2014-08-19,10,34,14,12,43
2014-08-20,11,33,14,12,44
2014-08-21,10,36,14,11,43
2014-08-22,11,44,16,15,63
2014-08-23,12,38,18,17,82
2014-08-24,13,30,16,16,64
2014-08-25,11,32,14,12,43
2014-08-26,11,34,13,12,45
2014-08-27,11,35,14,12,43
2014-08-28,11,36,14,12,46
2014-08-29,11,42,17,13,59
2014-08-30,12,40,20,18,79
2014-08-31,13,30,17,17,62
2014-09-01,11,32,13,14,41
2014-09-02,11,34,13,11,41
2014-09-03,12,36,13,10,42
2014-09-04,11,35,15,11,45
2014-09-05,11,41,16,13,58
2014-09-06,12,41,19,15,75
2014-09-07,12,34,16,14,62
2014-09-08,12,31,15,12,43
2014-09-09,11,33,17,10,43
2014-09-10,10,33,14,10,41
2014-09-11,10,34,15,9,44
2014-09-12,10,43,17,11,55
2014-09-13,12,42,20,18,79
2014-09-14,12,32,17,14,62
2014-09-15,11,32,15,11,43
2014-09-16,10,38,13,11,45
2014-09-17,10,39,15,11,43
2014-09-18,10,41,14,10,43
2014-09-19,11,48,16,11,57
2014-09-20,12,39,19,16,79
2014-09-21,12,31,17,14,70
2014-09-22,12,28,13,9,49
2014-09-23,11,27,13,9,50
2014-09-24,12,28,14,8,53
2014-09-25,11,29,13,8,53
2014-09-26,12,35,18,9,61
2014-09-27,13,36,22,15,75
2014-09-28,13,30,16,11,71
2014-09-29,12,26,14,8,56
2014-09-30,11,26,13,8,53
2014-10-01,12,25,13,8,52
2014-10-02,13,25,14,8,56
2014-10-03,14,27,16,8,65
2014-10-04,13,29,18,10,79
2014-10-05,14,30,17,12,68
2014-10-06,12,26,14,8,55
2014-10-07,12,26,12,8,47
2014-10-08,11,28,13,8,44
2014-10-09,11,29,13,8,45
2014-10-10,12,33,16,9,57
2014-10-11,12,29,18,11,78
2014-10-12,12,27,15,9,59
2014-10-13,11,29,13,9,44
2014-10-14,11,28,14,9,43
2014-10-15,10,30,13,9,42
2014-10-16,11,32,14,8,46
2014-10-17,11,35,15,8,58
2014-10-18,12,34,19,12,76
2014-10-19,13,25,15,10,66
2014-10-20,11,28,14,9,43
2014-10-21,11,30,13,9,41
2014-10-22,11,31,14,9,40
2014-10-23,10,32,14,9,45
2014-10-24,11,38,17,8,55
2014-10-25,12,33,18,13,75
2014-10-26,12,29,16,11,65
2014-10-27,11,31,13,8,44
2014-10-28,11,32,14,8,45
2014-10-29,11,32,14,8,43
2014-10-30,11,34,14,8,45
2014-10-31,11,39,15,8,59
2014-11-01,13,34,18,11,83
2014-11-02,13,30,16,11,67
2014-11-03,11,30,14,8,48
2014-11-04,12,31,13,8,45
2014-11-05,11,33,15,9,44
2014-11-06,11,34,15,8,46
2014-11-07,12,41,16,8,60
2014-11-08,13,31,18,10,77
2014-11-09,13,30,16,9,65
2014-11-10,11,30,13,8,44
2014-11-11,11,31,17,8,44
2014-11-12,11,34,15,8,45
2014-11-13,11,34,15,7,44
2014-11-14,11,38,16,9,60
2014-11-15,13,35,18,10,82
2014-11-16,13,28,17,9,70
2014-11-17,11,29,14,8,49
2014-11-18,10,33,15,10,44
2014-11-19,11,32,14,8,47
2014-11-20,11,36,14,7,46
2014-11-21,11,41,16,8,59
2014-11-22,13,34,19,11,78
2014-11-23,12,29,15,9,65
2014-11-24,11,34,14,8,46
2014-11-25,11,34,14,8,44
2014-11-26,12,34,14,9,46
2014-11-27,11,36,14,8,47
2014-11-28,11,40,16,9,57
2014-11-29,12,34,19,10,77
2014-11-30,13,30,16,10,68
2014-12-01,11,35,14,8,50
2014-12-02,11,35,14,9,49
2014-12-03,11,38,14,9,49
2014-12-04,11,39,14,8,47
2014-12-05,11,41,16,8,63
2014-12-06,12,35,19,10,84
2014-12-07,12,34,15,9,76
2014-12-08,11,36,14,8,50
2014-12-09,12,36,13,8,54
2014-12-10,11,40,14,8,50
2014-12-11,12,41,14,8,51
2014-12-12,12,40,16,8,61
2014-12-13,12,33,18,10,79
2014-12-14,13,29,15,9,69
2014-12-15,10,31,11,7,44
2014-12-16,11,36,13,7,52
2014-12-17,12,35,14,8,56
2014-12-18,12,29,14,6,55
2014-12-19,14,30,17,6,64
2014-12-20,15,31,18,10,83
2014-12-21,14,29,17,9,76
2014-12-22,12,29,14,7,62
2014-12-23,12,29,15,6,64
2014-12-24,13,31,20,6,74
2014-12-25,13,32,22,6,100
2014-12-26,12,28,16,8,92
2014-12-27,13,28,16,7,92
2014-12-28,13,25,14,8,85
2014-12-29,13,26,13,6,75
2014-12-30,12,25,14,6,72
2014-12-31,13,27,21,6,72
2015-01-01,14,34,16,9,98
2015-01-02,12,26,15,8,81
2015-01-03,14,28,16,8,96
2015-01-04,13,22,14,9,79
2015-01-05,12,22,13,8,62
2015-01-06,12,23,13,8,61
2015-01-07,13,22,13,7,66
2015-01-08,12,22,13,7,63
2015-01-09,12,24,15,13,71
2015-01-10,12,29,17,12,90
2015-01-11,13,25,15,12,84
2015-01-12,12,24,12,9,61
2015-01-13,12,23,13,13,64
2015-01-14,12,21,13,9,61
2015-01-15,12,22,14,9,62
2015-01-16,12,23,16,9,71
2015-01-17,13,26,17,18,93
2015-01-18,13,25,14,11,76
2015-01-19,12,21,12,9,60
2015-01-20,12,21,12,9,57
2015-01-21,12,21,12,9,56
2015-01-22,12,24,12,15,53
2015-01-23,12,25,14,14,65
2015-01-24,13,27,17,11,84
2015-01-25,14,28,17,10,84
2015-01-26,13,24,16,10,73
2015-01-27,15,22,12,14,53
2015-01-28,11,22,12,9,50
2015-01-29,12,22,12,9,49
2015-01-30,12,25,14,10,61
2015-01-31,12,26,17,29,75
2015-02-01,13,24,13,13,63
2015-02-02,11,21,11,11,48
2015-02-03,11,22,12,10,46
2015-02-04,11,24,13,9,43
2015-02-05,11,23,13,9,46
2015-02-06,11,32,15,10,63
2015-02-07,12,28,17,13,81
2015-02-08,12,24,17,11,64
2015-02-09,11,23,12,9,46
2015-02-10,11,24,13,10,45
2015-02-11,11,25,13,10,46
2015-02-12,10,26,14,9,56
2015-02-13,11,33,15,9,67
2015-02-14,13,31,18,11,89
2015-02-15,13,27,16,10,67
2015-02-16,11,26,12,9,47
2015-02-17,11,25,13,9,45
2015-02-18,11,26,14,9,44
2015-02-19,11,30,14,9,44
2015-02-20,11,35,14,9,63
2015-02-21,13,31,18,11,84
2015-02-22,12,24,14,10,67
2015-02-23,11,27,14,9,49
2015-02-24,11,28,13,10,46
2015-02-25,11,28,13,10,44
2015-02-26,11,29,13,10,44
2015-02-27,12,33,16,10,58
2015-02-28,12,32,19,11,82
2015-03-01,12,27,15,11,64
2015-03-02,11,26,12,9,45
2015-03-03,11,27,13,10,45
2015-03-04,11,28,13,11,44
2015-03-05,11,30,14,10,45
2015-03-06,11,36,15,10,60
2015-03-07,13,32,19,12,82
2015-03-08,13,28,15,11,69
2015-03-09,12,27,13,10,50
2015-03-10,11,27,13,10,42
2015-03-11,11,27,12,10,45
2015-03-12,12,29,13,10,43
2015-03-13,12,34,15,11,62
2015-03-14,12,30,18,13,79
2015-03-15,13,28,15,12,64
2015-03-16,11,26,13,10,42
2015-03-17,11,27,13,11,44
2015-03-18,11,29,14,11,44
2015-03-19,11,32,13,10,43
2015-03-20,11,34,16,11,61
2015-03-21,13,32,18,14,85
2015-03-22,13,29,16,14,69
2015-03-23,11,28,12,11,44
2015-03-24,11,30,14,10,45
2015-03-25,11,28,14,10,46
2015-03-26,12,27,14,10,47
2015-03-27,11,36,16,13,64
2015-03-28,13,31,19,13,89
2015-03-29,12,27,16,12,66
2015-03-30,12,31,14,10,50
2015-03-31,11,32,13,10,50
2015-04-01,11,35,14,9,52
2015-04-02,11,39,16,10,69
2015-04-03,13,37,18,10,100
2015-04-04,13,34,19,13,92
2015-04-05,14,34,20,13,95
2015-04-06,13,30,16,10,84
2015-04-07,12,27,14,9,64
2015-04-08,12,25,14,9,59
2015-04-09,12,26,14,9,60
2015-04-10,12,30,16,12,68
2015-04-11,14,31,18,17,80
2015-04-12,13,30,16,16,73
2015-04-13,13,25,14,10,54
2015-04-14,12,27,14,10,52
2015-04-15,12,24,14,10,51
2015-04-16,12,24,14,10,54
2015-04-17,11,32,17,13,59
2015-04-18,13,32,18,18,82
2015-04-19,16,27,16,15,68
2015-04-20,12,26,13,10,49
2015-04-21,11,27,13,9,45
2015-04-22,12,28,15,10,46
2015-04-23,11,28,14,10,45
2015-04-24,11,33,17,11,58
2015-04-25,12,38,18,16,86
2015-04-26,13,29,16,16,70
2015-04-27,11,26,13,11,46
2015-04-28,11,26,14,11,41
2015-04-29,11,31,13,10,43
2015-04-30,12,31,14,11,42
2015-05-01,12,38,17,14,56
2015-05-02,12,35,18,16,80
2015-05-03,13,30,15,14,61
2015-05-04,11,28,14,11,43
2015-05-05,11,30,15,10,43
2015-05-06,11,29,14,11,43
2015-05-07,11,33,16,11,43
2015-05-08,11,36,16,15,57
2015-05-09,12,35,19,17,75
2015-05-10,13,30,17,14,66
2015-05-11,11,29,13,11,45
2015-05-12,11,31,14,11,42
2015-05-13,11,33,15,11,44
2015-05-14,10,33,14,11,43
2015-05-15,12,39,17,15,62
2015-05-16,12,37,19,17,82
2015-05-17,13,31,17,18,64
2015-05-18,12,29,14,11,44
2015-05-19,12,32,14,10,46
2015-05-20,11,31,15,10,46
2015-05-21,11,34,14,10,49
2015-05-22,11,40,19,13,63
2015-05-23,13,37,25,15,82
2015-05-24,13,30,19,15,64
2015-05-25,11,32,14,11,46
2015-05-26,11,34,15,10,44
2015-05-27,11,40,14,11,44
2015-05-28,11,36,15,10,47
2015-05-29,11,40,16,13,62
2015-05-30,13,39,19,17,88
2015-05-31,13,33,17,15,70
2015-06-01,12,33,14,11,48
2015-06-02,12,33,13,12,44
2015-06-03,11,32,14,10,45
2015-06-04,11,37,16,11,50
2015-06-05,12,42,16,12,61
2015-06-06,12,36,19,15,92
2015-06-07,14,36,18,13,88
2015-06-08,13,35,17,12,63
2015-06-09,11,32,14,12,46
2015-06-10,11,36,14,11,48
2015-06-11,11,35,15,11,49
2015-06-12,12,42,16,14,61
2015-06-13,13,37,20,19,91
2015-06-14,13,33,17,15,67
2015-06-15,11,36,15,12,44
2015-06-16,11,39,15,12,49
2015-06-17,11,52,14,14,47
2015-06-18,11,41,15,11,49
2015-06-19,11,43,18,13,64
2015-06-20,12,37,20,15,87
2015-06-21,13,33,18,14,71
2015-06-22,12,35,15,12,48
2015-06-23,11,36,15,11,50
2015-06-24,12,38,16,11,50
2015-06-25,12,38,15,11,53
2015-06-26,12,43,17,14,63
2015-06-27,13,36,19,19,92
2015-06-28,14,33,19,14,79
2015-06-29,12,30,15,10,59
2015-06-30,12,32,13,10,56
2015-07-01,12,29,14,10,57
2015-07-02,12,31,15,10,56
2015-07-03,12,34,16,10,65
2015-07-04,13,34,20,14,76
2015-07-05,13,29,17,13,75
2015-07-06,12,26,14,10,54
2015-07-07,12,27,14,9,56
2015-07-08,12,36,14,9,57
2015-07-09,12,26,15,9,58
2015-07-10,13,28,15,11,66
2015-07-11,14,32,20,14,82
2015-07-12,14,28,20,12,74
2015-07-13,11,23,14,9,52
2015-07-14,11,27,15,9,52
2015-07-15,12,25,16,9,47
2015-07-16,11,30,15,10,48
2015-07-17,12,36,17,14,62
2015-07-18,13,33,19,19,76
2015-07-19,14,27,17,13,67
2015-07-20,12,28,14,10,46
2015-07-21,11,28,14,11,47
2015-07-22,11,29,14,10,49
2015-07-23,11,31,14,10,45
2015-07-24,12,39,16,15,62
2015-07-25,13,41,18,15,82
2015-07-26,13,31,18,13,64
2015-07-27,11,26,15,11,44
2015-07-28,11,29,14,10,46
2015-07-29,11,29,14,10,42
2015-07-30,11,29,14,10,45
2015-07-31,12,37,17,12,59
2015-08-01,12,34,18,14,83
2015-08-02,13,29,18,13,69
2015-08-03,12,27,14,10,46
2015-08-04,11,30,14,10,46
2015-08-05,12,30,14,10,47
2015-08-06,11,31,15,10,48
2015-08-07,12,37,16,13,60
2015-08-08,13,35,19,18,83
2015-08-09,14,27,17,17,67
2015-08-10,12,27,14,11,47
2015-08-11,12,29,14,10,45
2015-08-12,12,31,14,10,47
2015-08-13,12,31,15,10,43
2015-08-14,12,36,17,12,60
2015-08-15,13,35,20,16,80
2015-08-16,13,28,17,15,66
2015-08-17,11,28,14,11,47
2015-08-18,11,29,14,11,46
2015-08-19,11,31,15,10,46
2015-08-20,13,32,14,9,45
2015-08-21,11,38,17,12,59
2015-08-22,13,34,19,16,80
2015-08-23,13,29,19,15,69
2015-08-24,11,31,13,11,44
2015-08-25,12,31,15,10,45
2015-08-26,11,30,14,10,44
2015-08-27,12,34,15,10,46
2015-08-28,12,37,18,12,60
2015-08-29,13,32,22,16,82
2015-08-30,14,29,18,15,64
2015-08-31,12,28,15,11,44
2015-09-01,12,30,15,11,42
2015-09-02,12,31,15,10,46
2015-09-03,12,34,15,12,46
2015-09-04,12,36,18,12,63
2015-09-05,13,34,20,16,80
2015-09-06,14,28,18,13,69
2015-09-07,12,29,15,11,47
2015-09-08,12,30,14,11,46
2015-09-09,12,33,15,10,45
2015-09-10,13,32,14,9,46
2015-09-11,12,39,17,11,58
2015-09-12,13,38,20,17,81
2015-09-13,13,30,18,14,66
2015-09-14,11,32,14,10,43
2015-09-15,11,35,14,9,45
2015-09-16,12,33,15,10,43
2015-09-17,12,38,14,9,47
2015-09-18,12,43,17,10,58
2015-09-19,13,35,21,15,80
2015-09-20,14,30,20,12,71
2015-09-21,13,28,13,9,55
2015-09-22,12,27,16,8,55
2015-09-23,12,26,14,10,53
2015-09-24,12,28,16,9,54
2015-09-25,13,34,16,11,63
2015-09-26,13,36,19,15,78
2015-09-27,14,26,18,11,71
2015-09-28,14,24,14,8,55
2015-09-29,13,24,14,9,54
2015-09-30,13,24,14,9,53
2015-10-01,13,23,17,8,58
2015-10-02,13,28,17,8,70
2015-10-03,14,31,20,13,78
2015-10-04,14,29,18,12,70
2015-10-05,13,23,14,8,56
2015-10-06,12,27,14,8,44
2015-10-07,12,26,15,8,46
2015-10-08,12,28,14,10,44
2015-10-09,13,33,17,10,60
2015-10-10,14,28,19,9,79
2015-10-11,13,24,17,9,63
2015-10-12,12,26,14,8,44
2015-10-13,12,28,14,8,43
2015-10-14,12,29,15,9,42
2015-10-15,12,28,15,8,42
2015-10-16,12,35,18,8,59
2015-10-17,14,29,20,12,76
2015-10-18,13,27,16,10,64
2015-10-19,12,26,14,9,44
2015-10-20,12,26,15,9,44
2015-10-21,12,27,14,9,44
2015-10-22,13,30,14,9,46
2015-10-23,13,32,18,8,70
2015-10-24,13,30,18,10,79
2015-10-25,14,25,15,10,63
2015-10-26,12,28,14,8,46
2015-10-27,11,28,14,8,47
2015-10-28,12,28,14,9,43
2015-10-29,11,30,15,8,43
2015-10-30,12,34,17,7,59
2015-10-31,13,31,17,10,77
2015-11-01,13,28,16,9,69
2015-11-02,12,29,15,8,48
2015-11-03,13,33,14,8,47
2015-11-04,14,30,15,8,43
2015-11-05,12,30,14,8,45
2015-11-06,13,33,17,8,61
2015-11-07,14,29,19,10,79
2015-11-08,14,26,19,10,61
2015-11-09,12,27,14,8,43
2015-11-10,13,30,14,7,44
2015-11-11,12,30,14,7,45
2015-11-12,11,31,14,10,44
2015-11-13,13,33,17,9,61
2015-11-14,13,28,19,10,80
2015-11-15,12,25,16,8,63
2015-11-16,11,26,14,8,42
2015-11-17,11,30,14,10,42
2015-11-18,11,29,15,9,43
2015-11-19,11,34,16,8,47
2015-11-20,11,37,16,7,61
2015-11-21,13,29,20,11,81
2015-11-22,13,27,17,10,67
2015-11-23,12,28,17,8,46
2015-11-24,12,28,16,8,43
2015-11-25,13,31,15,8,46
2015-11-26,11,35,16,8,47
2015-11-27,12,36,17,7,57
2015-11-28,13,30,19,10,80
2015-11-29,13,26,16,9,67
2015-11-30,13,31,14,8,47
2015-12-01,12,31,14,7,48
2015-12-02,13,34,16,8,50
2015-12-03,13,35,16,8,49
2015-12-04,12,36,18,7,61
2015-12-05,13,31,20,11,80
2015-12-06,14,29,18,9,70
2015-12-07,13,32,14,8,51
2015-12-08,12,34,15,8,50
2015-12-09,12,35,16,8,49
2015-12-10,13,35,14,7,48
2015-12-11,13,35,19,7,66
2015-12-12,13,32,20,10,85
2015-12-13,13,28,17,9,72
2015-12-14,13,31,14,7,51
2015-12-15,13,34,15,8,57
2015-12-16,13,33,14,7,58
2015-12-17,13,28,15,6,62
2015-12-18,13,27,17,7,72
2015-12-19,14,29,19,9,91
2015-12-20,14,28,18,9,90
2015-12-21,13,25,16,7,65
2015-12-22,13,25,16,7,67
2015-12-23,13,26,17,6,64
2015-12-24,14,27,23,6,72
2015-12-25,15,28,24,6,91
2015-12-26,14,27,17,9,94
2015-12-27,13,26,16,7,96
2015-12-28,15,24,16,8,93
2015-12-29,16,24,15,7,79
2015-12-30,16,22,16,6,75
2015-12-31,18,25,23,6,75
2016-01-01,16,24,18,7,100
2016-01-02,15,24,18,9,96
2016-01-03,16,23,16,8,92
2016-01-04,13,19,14,6,73
2016-01-05,14,20,14,6,71
2016-01-06,13,21,14,7,65
2016-01-07,13,20,16,7,63
2016-01-08,13,20,18,7,73
2016-01-09,13,23,19,9,90
2016-01-10,14,22,17,9,79
2016-01-11,13,19,15,6,65
2016-01-12,12,19,14,7,61
2016-01-13,13,19,14,8,56
2016-01-14,12,20,15,7,64
2016-01-15,13,20,18,7,76
2016-01-16,14,22,21,10,90
2016-01-17,13,22,16,9,74
2016-01-18,13,20,14,7,60
2016-01-19,14,20,16,7,58
2016-01-20,14,20,15,7,54
2016-01-21,13,19,14,7,57
2016-01-22,13,22,17,7,67
2016-01-23,13,25,20,9,79
2016-01-24,14,22,16,9,75
2016-01-25,13,21,16,8,66
2016-01-26,14,22,18,8,67
2016-01-27,14,19,13,8,52
2016-01-28,13,20,13,8,46
2016-01-29,12,21,15,8,64
2016-01-30,13,23,18,11,85
2016-01-31,14,21,15,10,66
2016-02-01,12,18,13,9,46
2016-02-02,12,17,13,9,45
2016-02-03,12,19,14,9,44
2016-02-04,12,19,15,9,48
2016-02-05,13,23,17,9,65
2016-02-06,13,28,20,12,78
2016-02-07,14,23,17,12,66
2016-02-08,12,18,14,9,46
2016-02-09,13,20,14,9,46
2016-02-10,12,22,14,9,46
2016-02-11,12,22,15,8,49
2016-02-12,12,26,18,8,62
2016-02-13,13,29,20,12,85
2016-02-14,15,24,18,12,73
2016-02-15,13,23,14,9,47
2016-02-16,13,23,16,9,46
2016-02-17,13,21,17,9,45
2016-02-18,13,23,16,10,47
2016-02-19,13,27,18,9,61
2016-02-20,14,27,20,12,86
2016-02-21,14,23,18,10,66
2016-02-22,12,21,15,9,46
2016-02-23,13,23,14,10,45
2016-02-24,13,24,15,9,43
2016-02-25,12,23,16,9,46
2016-02-26,13,28,17,9,63
2016-02-27,14,28,21,12,79
2016-02-28,14,24,17,12,62
2016-02-29,12,21,14,10,50
2016-03-01,12,23,15,10,46
2016-03-02,12,23,16,12,43
2016-03-03,13,25,15,10,46
2016-03-04,14,29,17,11,61
2016-03-05,14,29,22,13,79
2016-03-06,13,22,15,11,63
2016-03-07,13,22,14,10,45
2016-03-08,13,23,14,10,43
2016-03-09,13,23,15,11,44
2016-03-10,12,23,16,10,44
2016-03-11,12,29,17,10,60
2016-03-12,14,29,20,13,83
2016-03-13,14,25,17,12,72
2016-03-14,13,25,15,10,50
2016-03-15,12,24,14,10,43
2016-03-16,13,24,14,10,45
2016-03-17,13,26,15,11,45
2016-03-18,14,32,18,11,64
2016-03-19,14,29,20,13,80
2016-03-20,14,27,16,12,64
2016-03-21,12,27,14,9,45
2016-03-22,12,26,15,9,42
2016-03-23,13,28,14,10,44
2016-03-24,13,32,18,13,61
2016-03-25,14,32,21,12,89
2016-03-26,14,30,19,13,86
2016-03-27,15,31,19,12,98
2016-03-28,26,26,16,11,69
2016-03-29,17,24,15,13,52
2016-03-30,16,23,15,11,52
2016-03-31,15,25,15,10,51
2016-04-01,15,29,17,12,63
2016-04-02,14,30,19,17,82
2016-04-03,15,28,18,15,73
2016-04-04,13,24,15,10,50
2016-04-05,13,24,16,10,49
2016-04-06,12,25,15,10,50
2016-04-07,13,26,16,11,50
2016-04-08,13,30,18,12,61
2016-04-09,14,31,21,18,78
2016-04-10,15,26,19,17,72
2016-04-11,12,23,16,11,53
2016-04-12,13,22,15,10,50
2016-04-13,12,22,15,11,48
2016-04-14,13,27,15,10,53
2016-04-15,13,28,18,13,63
2016-04-16,14,30,21,17,79
2016-04-17,14,24,17,17,72
2016-04-18,13,21,16,11,50
2016-04-19,14,21,15,10,52
2016-04-20,13,21,16,10,49
2016-04-21,14,21,16,10,51
2016-04-22,13,26,19,13,60
2016-04-23,14,28,23,16,81
2016-04-24,14,28,20,17,81
2016-04-25,14,27,18,12,64
2016-04-26,13,21,15,11,47
2016-04-27,13,21,16,10,43
2016-04-28,13,23,16,11,46
2016-04-29,13,30,19,13,64
2016-04-30,14,30,21,17,82
2016-05-01,14,27,19,20,68
2016-05-02,12,22,16,13,46
2016-05-03,12,23,16,11,44
2016-05-04,13,22,16,10,43
2016-05-05,12,24,16,10,46
2016-05-06,13,30,19,13,55
2016-05-07,14,29,22,17,76
2016-05-08,14,25,19,14,68
2016-05-09,13,25,15,11,46
2016-05-10,13,25,16,10,43
2016-05-11,14,24,16,11,43
2016-05-12,15,25,16,10,46
2016-05-13,14,30,19,13,58
2016-05-14,15,31,25,16,78
2016-05-15,16,26,19,14,63
2016-05-16,13,23,16,10,42
2016-05-17,13,25,17,10,44
2016-05-18,13,24,17,10,44
2016-05-19,12,26,16,10,46
2016-05-20,13,30,18,12,60
2016-05-21,14,30,20,16,81
2016-05-22,15,26,17,14,64
2016-05-23,14,25,15,11,44
2016-05-24,12,24,15,10,44
2016-05-25,12,27,15,10,47
2016-05-26,12,29,16,10,46
2016-05-27,13,33,18,16,58
2016-05-28,14,31,22,20,83
2016-05-29,15,29,19,14,67
2016-05-30,13,25,16,10,44
2016-05-31,13,31,14,10,45
2016-06-01,13,34,16,11,43
2016-06-02,15,33,18,13,54
2016-06-03,16,39,20,18,71
2016-06-04,16,39,23,20,100
2016-06-05,17,32,20,15,82
2016-06-06,15,32,21,12,53
2016-06-07,14,32,18,15,51
2016-06-08,16,31,17,12,51
2016-06-09,16,34,17,12,56
2016-06-10,15,38,20,15,74
2016-06-11,17,43,24,20,97
2016-06-12,18,36,23,19,93
2016-06-13,16,33,19,17,72
2016-06-14,15,35,17,15,54
2016-06-15,15,34,18,15,53
2016-06-16,14,36,17,17,60
2016-06-17,14,45,20,20,74
2016-06-18,16,39,26,21,96
2016-06-19,18,36,19,18,91
2016-06-20,15,46,16,14,56
2016-06-21,14,38,18,15,57
2016-06-22,15,51,20,15,52
2016-06-23,15,40,18,15,58
2016-06-24,15,40,20,15,71
2016-06-25,17,34,24,20,97
2016-06-26,16,28,20,19,85
2016-06-27,14,32,18,18,61
2016-06-28,15,30,17,15,59
2016-06-29,15,34,17,12,62
2016-06-30,15,34,18,13,59
2016-07-01,15,35,21,15,73
2016-07-02,15,31,21,18,81
2016-07-03,16,28,20,16,82
2016-07-04,15,28,17,11,71
2016-07-05,16,28,17,10,69
2016-07-06,15,27,18,11,67
2016-07-07,16,26,18,14,70
2016-07-08,15,27,20,12,77
2016-07-09,16,30,23,14,95
2016-07-10,17,27,21,16,79
2016-07-11,16,23,17,11,63
2016-07-12,14,25,19,9,59
2016-07-13,14,37,17,9,56
2016-07-14,15,26,18,10,61
2016-07-15,16,27,20,12,70
2016-07-16,16,29,24,15,99
2016-07-17,16,27,23,13,80
2016-07-18,16,22,17,10,54
2016-07-19,15,26,18,9,54
2016-07-20,16,28,25,10,54
2016-07-21,16,28,18,10,56
2016-07-22,15,34,21,14,73
2016-07-23,16,32,25,16,93
2016-07-24,16,28,20,13,78
2016-07-25,15,26,18,11,54
2016-07-26,19,26,17,11,50
2016-07-27,17,27,18,10,51
2016-07-28,15,29,19,11,51
2016-07-29,15,35,21,13,67
2016-07-30,17,32,23,15,91
2016-07-31,16,29,21,15,78
2016-08-01,16,29,18,11,52
2016-08-02,15,31,18,10,53
2016-08-03,16,31,19,12,54
2016-08-04,16,33,17,13,56
2016-08-05,15,40,21,16,67
2016-08-06,16,44,24,21,82
2016-08-07,16,37,19,17,71
2016-08-08,15,34,15,13,46
2016-08-09,13,36,16,12,45
2016-08-10,14,34,16,13,50
2016-08-11,13,36,17,11,48
2016-08-12,14,39,23,13,63
2016-08-13,16,37,23,29,85
2016-08-14,16,30,20,18,66
2016-08-15,14,30,16,12,48
2016-08-16,15,31,18,11,46
2016-08-17,14,29,17,12,50
2016-08-18,14,32,17,11,46
2016-08-19,14,41,20,13,65
2016-08-20,16,36,23,22,82
2016-08-21,16,26,19,17,71
2016-08-22,14,29,16,12,51
2016-08-23,15,28,17,11,53
2016-08-24,16,32,18,11,51
2016-08-25,15,30,18,10,54
2016-08-26,15,39,21,12,67
2016-08-27,16,32,24,18,88
2016-08-28,17,27,21,15,73
2016-08-29,15,25,18,12,51
2016-08-30,15,29,17,11,51
2016-08-31,15,30,17,12,51
2016-09-01,15,31,18,14,52
2016-09-02,15,39,21,13,66
2016-09-03,17,32,24,16,93
2016-09-04,17,28,21,15,72
2016-09-05,16,26,17,11,51
2016-09-06,15,27,17,12,51
2016-09-07,16,28,17,10,48
2016-09-08,15,32,18,10,51
2016-09-09,16,39,22,12,69
2016-09-10,16,39,24,21,84
2016-09-11,18,27,21,15,72
2016-09-12,15,27,17,11,52
2016-09-13,15,31,17,10,54
2016-09-14,15,32,18,11,54
2016-09-15,16,37,17,10,54
2016-09-16,16,42,20,13,67
2016-09-17,17,40,24,18,85
2016-09-18,17,29,20,14,87
2016-09-19,15,26,17,9,58
2016-09-20,15,27,19,9,57
2016-09-21,15,29,17,10,60
2016-09-22,15,30,19,9,58
2016-09-23,15,36,21,11,67
2016-09-24,16,32,24,17,87
2016-09-25,17,27,21,12,86
2016-09-26,17,23,18,9,66
2016-09-27,15,24,17,9,63
2016-09-28,16,23,17,9,60
2016-09-29,16,24,19,9,63
2016-09-30,15,24,22,9,78
2016-10-01,16,31,26,16,85
2016-10-02,17,29,23,13,79
2016-10-03,16,23,19,8,70
2016-10-04,16,22,17,8,55
2016-10-05,16,21,17,8,56
2016-10-06,15,22,18,9,52
2016-10-07,15,23,20,9,73
2016-10-08,17,27,23,12,86
2016-10-09,16,23,19,10,73
2016-10-10,15,23,17,9,51
2016-10-11,15,24,18,16,49
2016-10-12,15,25,18,9,51
2016-10-13,15,25,17,8,54
2016-10-14,15,28,20,8,65
2016-10-15,17,25,22,13,89
2016-10-16,17,23,20,11,72
2016-10-17,15,25,17,10,51
2016-10-18,15,24,17,9,48
2016-10-19,15,26,18,9,47
2016-10-20,15,26,19,9,51
2016-10-21,15,32,21,9,67
2016-10-22,17,31,23,11,99
2016-10-23,16,25,20,11,72
2016-10-24,15,25,17,8,50
2016-10-25,15,25,16,8,47
2016-10-26,15,27,16,8,48
2016-10-27,15,26,19,8,52
2016-10-28,15,29,18,7,67
2016-10-29,17,28,24,11,85
2016-10-30,17,26,20,9,75
2016-10-31,15,26,17,7,55
2016-11-01,15,27,17,8,49
2016-11-02,15,28,18,9,48
2016-11-03,17,33,18,7,48
2016-11-04,17,35,21,6,62
2016-11-05,17,30,23,7,81
2016-11-06,18,28,21,8,68
2016-11-07,15,28,17,6,47
2016-11-08,16,27,17,5,46
2016-11-09,13,23,15,4,39
2016-11-10,15,30,20,6,49
2016-11-11,15,33,21,7,62
2016-11-12,17,31,23,7,86
2016-11-13,16,26,20,6,66
2016-11-14,15,26,17,6,44
2016-11-15,15,27,18,9,45
2016-11-16,16,31,19,7,48
2016-11-17,15,30,19,6,49
2016-11-18,15,36,21,6,64
2016-11-19,17,30,24,8,82
2016-11-20,16,26,20,7,68
2016-11-21,15,29,18,5,50
2016-11-22,15,33,17,6,48
2016-11-23,15,31,19,6,50
2016-11-24,15,34,18,6,51
2016-11-25,16,36,21,6,60
2016-11-26,17,30,25,8,81
2016-11-27,19,29,22,7,73
2016-11-28,16,30,16,5,51
2016-11-29,15,31,19,10,51
2016-11-30,15,33,18,10,50
2016-12-01,16,34,19,7,51
2016-12-02,16,39,22,7,64
2016-12-03,17,30,25,11,81
2016-12-04,15,21,18,8,65
2016-12-05,13,24,15,6,48
2016-12-06,13,26,15,6,47
2016-12-07,15,27,16,6,48
2016-12-08,14,28,16,6,47
2016-12-09,14,30,18,5,61
2016-12-10,15,25,21,6,72
2016-12-11,16,26,19,6,69
2016-12-12,15,31,17,4,50
2016-12-13,15,33,15,5,51
2016-12-14,14,32,16,5,48
2016-12-15,14,33,16,5,54
2016-12-16,14,30,20,4,65
2016-12-17,16,27,21,7,77
2016-12-18,16,22,19,7,72
2016-12-19,14,21,15,5,56
2016-12-20,14,19,17,5,54
2016-12-21,14,21,17,4,55
2016-12-22,14,22,18,4,57
2016-12-23,15,23,20,4,63
2016-12-24,15,25,29,5,73
2016-12-25,16,27,26,5,87
2016-12-26,15,24,18,6,85
2016-12-27,15,22,17,5,86
2016-12-28,15,20,16,5,76
2016-12-29,15,20,17,4,76
2016-12-30,17,20,19,5,76
2016-12-31,18,24,26,6,74
2017-01-01,19,23,20,6,100
2017-01-02,17,20,17,6,89
2017-01-03,15,17,15,5,68
2017-01-04,15,18,15,5,64
2017-01-05,15,18,15,5,62
2017-01-06,15,18,18,5,74
2017-01-07,16,22,20,7,85
2017-01-08,16,19,18,6,81
2017-01-09,15,17,15,5,62
2017-01-10,14,17,15,5,59
2017-01-11,14,17,15,5,54
2017-01-12,14,17,16,5,57
2017-01-13,14,18,17,5,69
2017-01-14,16,21,19,6,85
2017-01-15,15,19,18,6,74
2017-01-16,16,19,15,5,60
2017-01-17,15,17,15,4,55
2017-01-18,15,17,15,5,53
2017-01-19,15,18,17,4,55
2017-01-20,14,19,17,5,65
2017-01-21,16,22,19,6,85
2017-01-22,16,20,16,6,73
2017-01-23,15,18,14,5,57
2017-01-24,14,19,14,5,59
2017-01-25,15,18,16,5,60
2017-01-26,15,21,18,5,80
2017-01-27,15,20,16,5,69
2017-01-28,17,21,20,7,87
2017-01-29,15,19,16,7,69
2017-01-30,15,16,13,6,51
2017-01-31,15,18,14,7,49
2017-02-01,14,18,15,7,50
2017-02-02,16,19,14,6,50
2017-02-03,16,21,17,8,62
2017-02-04,15,24,19,10,85
2017-02-05,15,20,17,8,70
2017-02-06,14,18,14,6,47
2017-02-07,15,21,15,7,47
2017-02-08,14,21,16,7,46
2017-02-09,16,23,16,7,47
2017-02-10,15,30,18,8,62
2017-02-11,17,30,18,9,87
2017-02-12,16,20,16,9,72
2017-02-13,14,21,16,7,45
2017-02-14,15,24,16,8,48
2017-02-15,15,22,16,8,47
2017-02-16,15,25,16,8,47
2017-02-17,15,28,19,8,60
2017-02-18,16,29,21,10,83
2017-02-19,18,25,19,9,71
2017-02-20,14,22,15,8,46
2017-02-21,15,23,16,8,43
2017-02-22,14,24,15,8,45
2017-02-23,14,25,16,8,44
2017-02-24,14,28,18,8,62
2017-02-25,17,29,21,10,88
2017-02-26,15,25,17,9,66
2017-02-27,14,23,16,8,53
2017-02-28,15,25,14,8,47
2017-03-01,16,25,15,7,45
2017-03-02,14,27,15,8,48
2017-03-03,16,32,19,8,67
2017-03-04,16,30,21,10,83
2017-03-05,17,26,20,9,71
2017-03-06,15,24,15,7,47
2017-03-07,14,25,15,8,45
2017-03-08,15,26,16,9,47
2017-03-09,14,29,15,8,47
2017-03-10,14,32,20,9,63
2017-03-11,17,32,24,10,72
2017-03-12,17,28,19,10,76
2017-03-13,14,26,15,9,54
2017-03-14,15,26,15,9,48
2017-03-15,13,26,14,9,46
2017-03-16,15,27,15,9,48
2017-03-17,15,33,20,10,69
2017-03-18,16,30,21,11,87
2017-03-19,16,25,16,10,68
2017-03-20,14,25,14,9,47
2017-03-21,13,26,15,9,46
2017-03-22,14,26,15,9,52
2017-03-23,13,28,17,12,54
2017-03-24,14,32,18,11,70
2017-03-25,16,30,21,12,88
2017-03-26,15,27,16,11,72
2017-03-27,14,26,13,9,48
2017-03-28,15,25,14,12,48
2017-03-29,14,28,15,9,49
2017-03-30,13,33,16,9,58
2017-03-31,14,31,18,11,68
2017-04-01,16,31,21,13,90
2017-04-02,16,27,18,11,76
2017-04-03,14,25,15,8,56
2017-04-04,15,26,15,8,54
2017-04-05,14,27,16,9,51
2017-04-06,15,29,16,9,52
2017-04-07,14,32,18,10,62
2017-04-08,16,33,19,13,84
2017-04-09,15,27,18,11,78
2017-04-10,15,25,16,8,58
2017-04-11,15,23,16,8,60
2017-04-12,15,25,16,8,59
2017-04-13,16,26,18,8,66
2017-04-14,16,30,22,8,89
2017-04-15,17,27,21,9,89
2017-04-16,17,28,21,9,94
2017-04-17,17,24,17,8,77
2017-04-18,16,22,14,9,54
2017-04-19,15,23,16,9,53
2017-04-20,14,23,16,9,53
2017-04-21,15,27,17,11,65
2017-04-22,17,30,22,15,86
2017-04-23,18,26,18,13,71
2017-04-24,15,26,17,9,61
2017-04-25,17,26,18,9,69
2017-04-26,13,24,15,9,46
2017-04-27,17,25,15,9,49
2017-04-28,15,29,18,10,61
2017-04-29,16,29,21,14,80
2017-04-30,15,25,18,14,70
2017-05-01,15,23,15,9,49
2017-05-02,15,24,17,9,46
2017-05-03,15,25,15,8,45
2017-05-04,14,26,15,8,44