date,novel
2012-01-01,94
2012-01-02,94
2012-01-03,88
2012-01-04,83
2012-01-05,91
2012-01-06,88
2012-01-07,89
2012-01-08,93
2012-01-09,100
2012-01-10,91
2012-01-11,85
2012-01-12,82
2012-01-13,87
2012-01-14,81
2012-01-15,88
2012-01-16,86
2012-01-17,93
2012-01-18,84
2012-01-19,80
2012-01-20,82
2012-01-21,80
2012-01-22,78
2012-01-23,86
2012-01-24,88
2012-01-25,78
2012-01-26,81
2012-01-27,84
2012-01-28,78
2012-01-29,78
2012-01-30,85
2012-01-31,83
2012-02-01,87
2012-02-02,77
2012-02-03,79
2012-02-04,72
2012-02-05,76
2012-02-06,77
2012-02-07,85
2012-02-08,77
2012-02-09,76
2012-02-10,82
2012-02-11,77
2012-02-12,71
2012-02-13,73
2012-02-14,75
2012-02-15,75
2012-02-16,82
2012-02-17,75
2012-02-18,74
2012-02-19,88
2012-02-20,83
2012-02-21,87
2012-02-22,83
2012-02-23,88
2012-02-24,82
2012-02-25,82
2012-02-26,87
2012-02-27,81
2012-02-28,90
2012-02-29,84
2012-03-01,86
2012-03-02,92
2012-03-03,82
2012-03-04,93
2012-03-05,92
2012-03-06,87
2012-03-07,83
2012-03-08,77
2012-03-09,80
2012-03-10,74
2012-03-11,78
2012-03-12,89
2012-03-13,80
2012-03-14,75
2012-03-15,82
2012-03-16,72
2012-03-17,72
2012-03-18,74
2012-03-19,79
2012-03-20,86
2012-03-21,87
2012-03-22,84
2012-03-23,82
2012-03-24,90
2012-03-25,94
2012-03-26,91
2012-03-27,94
2012-03-28,82
2012-03-29,73
2012-03-30,79
2012-03-31,78
2012-04-01,89
2012-04-02,89
2012-04-03,88
2012-04-04,82
2012-04-05,78
2012-04-06,69
2012-04-07,76
2012-04-08,79
2012-04-09,94
2012-04-10,84
2012-04-11,84
2012-04-12,86
2012-04-13,77
2012-04-14,76
2012-04-15,91
2012-04-16,88
2012-04-17,85
2012-04-18,79
2012-04-19,87
2012-04-20,82
2012-04-21,71
2012-04-22,88
2012-04-23,89
2012-04-24,86
2012-04-25,97
2012-04-26,83
2012-04-27,95
2012-04-28,90
2012-04-29,90
2012-04-30,90
2012-05-01,86
2012-05-02,86
2012-05-03,86
2012-05-04,80
2012-05-05,77
2012-05-06,79
2012-05-07,85
2012-05-08,90
2012-05-09,83
2012-05-10,91
2012-05-11,73
2012-05-12,74
2012-05-13,82
2012-05-14,95
2012-05-15,84
2012-05-16,93
2012-05-17,79
2012-05-18,79
2012-05-19,78
2012-05-20,87
2012-05-21,81
2012-05-22,92
2012-05-23,91
2012-05-24,84
2012-05-25,88
2012-05-26,86
2012-05-27,84
2012-05-28,92
2012-05-29,88
2012-05-30,80
2012-05-31,84
2012-06-01,81
2012-06-02,80
2012-06-03,90
2012-06-04,86
2012-06-05,82
2012-06-06,87
2012-06-07,80
2012-06-08,77
2012-06-09,72
2012-06-10,90
2012-06-11,85
2012-06-12,80
2012-06-13,78
2012-06-14,81
2012-06-15,74
2012-06-16,84
2012-06-17,76
2012-06-18,88
2012-06-19,86
2012-06-20,79
2012-06-21,83
2012-06-22,85
2012-06-23,85
2012-06-24,74
2012-06-25,81
2012-06-26,88
2012-06-27,81
2012-06-28,75
2012-06-29,77
2012-06-30,83
2012-07-01,78
2012-07-02,76
2012-07-03,90
2012-07-04,81
2012-07-05,77
2012-07-06,82
2012-07-07,93
2012-07-08,92
2012-07-09,88
2012-07-10,85
2012-07-11,79
2012-07-12,73
2012-07-13,73
2012-07-14,86
2012-07-15,94
2012-07-16,87
2012-07-17,80
2012-07-18,82
2012-07-19,81
2012-07-20,70
2012-07-21,76
2012-07-22,94
2012-07-23,82
2012-07-24,82
2012-07-25,83
2012-07-26,80
2012-07-27,83
2012-07-28,80
2012-07-29,96
2012-07-30,82
2012-07-31,88
2012-08-01,84
2012-08-02,83
2012-08-03,72
2012-08-04,86
2012-08-05,93
2012-08-06,81
2012-08-07,80
2012-08-08,86
2012-08-09,84
2012-08-10,86
2012-08-11,84
2012-08-12,98
2012-08-13,73
2012-08-14,92
2012-08-15,84
2012-08-16,82
2012-08-17,86
2012-08-18,90
2012-08-19,96
2012-08-20,83
2012-08-21,82
2012-08-22,86
2012-08-23,93
2012-08-24,84
2012-08-25,81
2012-08-26,90
2012-08-27,91
2012-08-28,94
2012-08-29,91
2012-08-30,87
2012-08-31,84
2012-09-01,80
2012-09-02,88
2012-09-03,92
2012-09-04,84
2012-09-05,90
2012-09-06,85
2012-09-07,75
2012-09-08,89
2012-09-09,93
2012-09-10,89
2012-09-11,99
2012-09-12,91
2012-09-13,87
2012-09-14,79
2012-09-15,80
2012-09-16,90
2012-09-17,77
2012-09-18,80
2012-09-19,89
2012-09-20,87
2012-09-21,84
2012-09-22,77
2012-09-23,84
2012-09-24,94
2012-09-25,80
2012-09-26,85
2012-09-27,81
2012-09-28,75
2012-09-29,80
2012-09-30,92
2012-10-01,89
2012-10-02,87
2012-10-03,95
2012-10-04,81
2012-10-05,82
2012-10-06,87
2012-10-07,89
2012-10-08,82
2012-10-09,89
2012-10-10,85
2012-10-11,74
2012-10-12,79
2012-10-13,79
2012-10-14,85
2012-10-15,97
2012-10-16,95
2012-10-17,83
2012-10-18,78
2012-10-19,75
2012-10-20,83
2012-10-21,79
2012-10-22,94
2012-10-23,82
2012-10-24,86
2012-10-25,87
2012-10-26,78
2012-10-27,77
2012-10-28,87
2012-10-29,77
2012-10-30,86
2012-10-31,82
2012-11-01,88
2012-11-02,85
2012-11-03,78
2012-11-04,95
2012-11-05,84
2012-11-06,74
2012-11-07,65
2012-11-08,89
2012-11-09,77
2012-11-10,76
2012-11-11,86
2012-11-12,80
2012-11-13,89
2012-11-14,87
2012-11-15,88
2012-11-16,88
2012-11-17,76
2012-11-18,81
2012-11-19,83
2012-11-20,87
2012-11-21,79
2012-11-22,69
2012-11-23,74
2012-11-24,79
2012-11-25,89
2012-11-26,92
2012-11-27,93
2012-11-28,93
2012-11-29,87
2012-11-30,78
2012-12-01,83
2012-12-02,92
2012-12-03,94
2012-12-04,91
2012-12-05,86
2012-12-06,87
2012-12-07,85
2012-12-08,83
2012-12-09,95
2012-12-10,91
2012-12-11,90
2012-12-12,90
2012-12-13,90
2012-12-14,82
2012-12-15,79
2012-12-16,91
2012-12-17,93
2012-12-18,84
2012-12-19,84
2012-12-20,81
2012-12-21,77
2012-12-22,88
2012-12-23,75
2012-12-24,82
2012-12-25,81
2012-12-26,77
2012-12-27,96
2012-12-28,82
2012-12-29,95
2012-12-30,95
2012-12-31,81
2013-01-01,77
2013-01-02,93
2013-01-03,86
2013-01-04,92
2013-01-05,91
2013-01-06,88
2013-01-07,92
2013-01-08,91
2013-01-09,87
2013-01-10,90
2013-01-11,85
2013-01-12,86
2013-01-13,95
2013-01-14,86
2013-01-15,88
2013-01-16,84
2013-01-17,84
2013-01-18,84
2013-01-19,75
2013-01-20,80
2013-01-21,82
2013-01-22,83
2013-01-23,80
2013-01-24,100
2013-01-25,76
2013-01-26,79
2013-01-27,91
2013-01-28,88
2013-01-29,89
2013-01-30,81
2013-01-31,80
2013-02-01,78
2013-02-02,76
2013-02-03,89
2013-02-04,78
2013-02-05,85
2013-02-06,82
2013-02-07,80
2013-02-08,78
2013-02-09,81
2013-02-10,79
2013-02-11,74
2013-02-12,85
2013-02-13,76
2013-02-14,78
2013-02-15,76
2013-02-16,70
2013-02-17,83
2013-02-18,76
2013-02-19,84
2013-02-20,83
2013-02-21,83
2013-02-22,77
2013-02-23,80
2013-02-24,79
2013-02-25,86
2013-02-26,86
2013-02-27,82
2013-02-28,85
2013-03-01,80
2013-03-02,75
2013-03-03,91
2013-03-04,85
2013-03-05,79
2013-03-06,86
2013-03-07,85
2013-03-08,75
2013-03-09,78
2013-03-10,82
2013-03-11,83
2013-03-12,90
2013-03-13,80
2013-03-14,78
2013-03-15,77
2013-03-16,71
2013-03-17,89
2013-03-18,79
2013-03-19,86
2013-03-20,87
2013-03-21,79
2013-03-22,78
2013-03-23,75
2013-03-24,82
2013-03-25,74
2013-03-26,73
2013-03-27,77
2013-03-28,73
2013-03-29,68
2013-03-30,74
2013-03-31,73
2013-04-01,83
2013-04-02,83
2013-04-03,85
2013-04-04,84
2013-04-05,78
2013-04-06,79
2013-04-07,91
2013-04-08,89
2013-04-09,87
2013-04-10,87
2013-04-11,86
2013-04-12,81
2013-04-13,79
2013-04-14,89
2013-04-15,83
2013-04-16,86
2013-04-17,82
2013-04-18,82
2013-04-19,74
2013-04-20,79
2013-04-21,87
2013-04-22,92
2013-04-23,88
2013-04-24,89
2013-04-25,91
2013-04-26,89
2013-04-27,86
2013-04-28,84
2013-04-29,98
2013-04-30,87
2013-05-01,84
2013-05-02,84
2013-05-03,79
2013-05-04,75
2013-05-05,88
2013-05-06,90
2013-05-07,90
2013-05-08,93
2013-05-09,93
2013-05-10,98
2013-05-11,91
2013-05-12,95
2013-05-13,96
2013-05-14,100
2013-05-15,95
2013-05-16,90
2013-05-17,82
2013-05-18,75
2013-05-19,94
2013-05-20,97
2013-05-21,92
2013-05-22,87
2013-05-23,83
2013-05-24,81
2013-05-25,87
2013-05-26,87
2013-05-27,91
2013-05-28,96
2013-05-29,88
2013-05-30,87
2013-05-31,78
2013-06-01,78
2013-06-02,90
2013-06-03,93
2013-06-04,88
2013-06-05,83
2013-06-06,83
2013-06-07,85
2013-06-08,84
2013-06-09,94
2013-06-10,88
2013-06-11,92
2013-06-12,86
2013-06-13,79
2013-06-14,74
2013-06-15,79
2013-06-16,80
2013-06-17,87
2013-06-18,84
2013-06-19,90
2013-06-20,88
2013-06-21,74
2013-06-22,86
2013-06-23,89
2013-06-24,83
2013-06-25,86
2013-06-26,81
2013-06-27,74
2013-06-28,82
2013-06-29,83
2013-06-30,84
2013-07-01,81
2013-07-02,82
2013-07-03,78
2013-07-04,79
2013-07-05,82
2013-07-06,99
2013-07-07,95
2013-07-08,83
2013-07-09,81
2013-07-10,87
2013-07-11,76
2013-07-12,81
2013-07-13,84
2013-07-14,90
2013-07-15,88
2013-07-16,83
2013-07-17,78
2013-07-18,75
2013-07-19,80
2013-07-20,86
2013-07-21,88
2013-07-22,82
2013-07-23,93
2013-07-24,86
2013-07-25,78
2013-07-26,86
2013-07-27,81
2013-07-28,87
2013-07-29,81
2013-07-30,77
2013-07-31,78
2013-08-01,77
2013-08-02,72
2013-08-03,86
2013-08-04,88
2013-08-05,72
2013-08-06,80
2013-08-07,77
2013-08-08,76
2013-08-09,81
2013-08-10,80
2013-08-11,82
2013-08-12,96
2013-08-13,81
2013-08-14,84
2013-08-15,82
2013-08-16,77
2013-08-17,88
2013-08-18,93
2013-08-19,81
2013-08-20,88
2013-08-21,80
2013-08-22,79
2013-08-23,80
2013-08-24,83
2013-08-25,93
2013-08-26,82
2013-08-27,84
2013-08-28,88
2013-08-29,81
2013-08-30,82
2013-08-31,72
2013-09-01,87
2013-09-02,89
2013-09-03,91
2013-09-04,80
2013-09-05,83
2013-09-06,87
2013-09-07,90
2013-09-08,97
2013-09-09,87
2013-09-10,91
2013-09-11,79
2013-09-12,79
2013-09-13,81
2013-09-14,75
2013-09-15,71
2013-09-16,76
2013-09-17,82
2013-09-18,76
2013-09-19,79
2013-09-20,83
2013-09-21,83
2013-09-22,82
2013-09-23,77
2013-09-24,84
2013-09-25,78
2013-09-26,82
2013-09-27,92
2013-09-28,76
2013-09-29,76
2013-09-30,80
2013-10-01,76
2013-10-02,91
2013-10-03,83
2013-10-04,79
2013-10-05,69
2013-10-06,85
2013-10-07,82
2013-10-08,82
2013-10-09,79
2013-10-10,88
2013-10-11,79
2013-10-12,78
2013-10-13,78
2013-10-14,93
2013-10-15,80
2013-10-16,86
2013-10-17,87
2013-10-18,76
2013-10-19,84
2013-10-20,80
2013-10-21,90
2013-10-22,86
2013-10-23,87
2013-10-24,86
2013-10-25,80
2013-10-26,76
2013-10-27,88
2013-10-28,85
2013-10-29,93
2013-10-30,87
2013-10-31,88
2013-11-01,83
2013-11-02,83
2013-11-03,87
2013-11-04,94
2013-11-05,87
2013-11-06,82
2013-11-07,87
2013-11-08,86
2013-11-09,76
2013-11-10,80
2013-11-11,78
2013-11-12,90
2013-11-13,88
2013-11-14,84
2013-11-15,84
2013-11-16,79
2013-11-17,82
2013-11-18,93
2013-11-19,90
2013-11-20,92
2013-11-21,91
2013-11-22,82
2013-11-23,81
2013-11-24,92
2013-11-25,94
2013-11-26,85
2013-11-27,76
2013-11-28,71
2013-11-29,67
2013-11-30,74
2013-12-01,80
2013-12-02,82
2013-12-03,82
2013-12-04,82
2013-12-05,75
2013-12-06,72
2013-12-07,72
2013-12-08,82
2013-12-09,78
2013-12-10,81
2013-12-11,85
2013-12-12,89
2013-12-13,81
2013-12-14,78
2013-12-15,74
2013-12-16,86
2013-12-17,85
2013-12-18,84
2013-12-19,81
2013-12-20,86
2013-12-21,74
2013-12-22,85
2013-12-23,73
2013-12-24,68
2013-12-25,75
2013-12-26,78
2013-12-27,84
2013-12-28,89
2013-12-29,87
2013-12-30,73
2013-12-31,78
2014-01-01,79
2014-01-02,84
2014-01-03,100
2014-01-04,95
2014-01-05,89
2014-01-06,82
2014-01-07,77
2014-01-08,85
2014-01-09,84
2014-01-10,80
2014-01-11,80
2014-01-12,81
2014-01-13,79
2014-01-14,74
2014-01-15,87
2014-01-16,85
2014-01-17,83
2014-01-18,75
2014-01-19,84
2014-01-20,73
2014-01-21,83
2014-01-22,78
2014-01-23,80
2014-01-24,75
2014-01-25,80
2014-01-26,88
2014-01-27,82
2014-01-28,71
2014-01-29,82
2014-01-30,79
2014-01-31,71
2014-02-01,73
2014-02-02,71
2014-02-03,68
2014-02-04,79
2014-02-05,76
2014-02-06,80
2014-02-07,82
2014-02-08,75
2014-02-09,80
2014-02-10,79
2014-02-11,77
2014-02-12,75
2014-02-13,80
2014-02-14,71
2014-02-15,77
2014-02-16,83
2014-02-17,75
2014-02-18,84
2014-02-19,79
2014-02-20,80
2014-02-21,77
2014-02-22,71
2014-02-23,82
2014-02-24,79
2014-02-25,81
2014-02-26,81
2014-02-27,81
2014-02-28,75
2014-03-01,78
2014-03-02,86
2014-03-03,77
2014-03-04,75
2014-03-05,82
2014-03-06,79
2014-03-07,85
2014-03-08,74
2014-03-09,81
2014-03-10,79
2014-03-11,79
2014-03-12,80
2014-03-13,78
2014-03-14,83
2014-03-15,79
2014-03-16,82
2014-03-17,86
2014-03-18,79
2014-03-19,83
2014-03-20,85
2014-03-21,74
2014-03-22,71
2014-03-23,88
2014-03-24,83
2014-03-25,80
2014-03-26,82
2014-03-27,80
2014-03-28,88
2014-03-29,79
2014-03-30,89
2014-03-31,82
2014-04-01,83
2014-04-02,86
2014-04-03,75
2014-04-04,74
2014-04-05,79
2014-04-06,79
2014-04-07,82
2014-04-08,76
2014-04-09,79
2014-04-10,84
2014-04-11,77
2014-04-12,76
2014-04-13,79
2014-04-14,77
2014-04-15,79
2014-04-16,84
2014-04-17,73
2014-04-18,90
2014-04-19,73
2014-04-20,84
2014-04-21,82
2014-04-22,82
2014-04-23,84
2014-04-24,84
2014-04-25,83
2014-04-26,78
2014-04-27,87
2014-04-28,82
2014-04-29,83
2014-04-30,80
2014-05-01,86
2014-05-02,79
2014-05-03,74
2014-05-04,82
2014-05-05,81
2014-05-06,84
2014-05-07,78
2014-05-08,81
2014-05-09,76
2014-05-10,75
2014-05-11,82
2014-05-12,83
2014-05-13,76
2014-05-14,81
2014-05-15,86
2014-05-16,83
2014-05-17,78
2014-05-18,83
2014-05-19,90
2014-05-20,86
2014-05-21,90
2014-05-22,91
2014-05-23,88
2014-05-24,81
2014-05-25,96
2014-05-26,90
2014-05-27,91
2014-05-28,94
2014-05-29,90
2014-05-30,82
2014-05-31,85
2014-06-01,84
2014-06-02,84
2014-06-03,86
2014-06-04,82
2014-06-05,79
2014-06-06,88
2014-06-07,92
2014-06-08,98
2014-06-09,85
2014-06-10,85
2014-06-11,84
2014-06-12,80
2014-06-13,77
2014-06-14,78
2014-06-15,90
2014-06-16,83
2014-06-17,82
2014-06-18,82
2014-06-19,88
2014-06-20,79
2014-06-21,79
2014-06-22,86
2014-06-23,83
2014-06-24,88
2014-06-25,78
2014-06-26,81
2014-06-27,85
2014-06-28,86
2014-06-29,86
2014-06-30,86
2014-07-01,76
2014-07-02,83
2014-07-03,89
2014-07-04,88
2014-07-05,90
2014-07-06,96
2014-07-07,93
2014-07-08,80
2014-07-09,77
2014-07-10,79
2014-07-11,79
2014-07-12,85
2014-07-13,92
2014-07-14,77
2014-07-15,87
2014-07-16,99
2014-07-17,87
2014-07-18,81
2014-07-19,90
2014-07-20,96
2014-07-21,81
2014-07-22,83
2014-07-23,84
2014-07-24,92
2014-07-25,88
2014-07-26,93
2014-07-27,96
2014-07-28,85
2014-07-29,82
2014-07-30,76
2014-07-31,85
2014-08-01,93
2014-08-02,84
2014-08-03,93
2014-08-04,77
2014-08-05,83
2014-08-06,77
2014-08-07,89
2014-08-08,87
2014-08-09,81
2014-08-10,87
2014-08-11,80
2014-08-12,80
2014-08-13,82
2014-08-14,87
2014-08-15,78
2014-08-16,86
2014-08-17,86
2014-08-18,79
2014-08-19,75
2014-08-20,77
2014-08-21,80
2014-08-22,79
2014-08-23,81
2014-08-24,86
2014-08-25,73
2014-08-26,86
2014-08-27,76
2014-08-28,78
2014-08-29,88
2014-08-30,88
2014-08-31,92
2014-09-01,91
2014-09-02,84
2014-09-03,88
2014-09-04,81
2014-09-05,85
2014-09-06,85
2014-09-07,82
2014-09-08,82
2014-09-09,91
2014-09-10,85
2014-09-11,79
2014-09-12,81
2014-09-13,83
2014-09-14,89
2014-09-15,79
2014-09-16,89
2014-09-17,78
2014-09-18,74
2014-09-19,80
2014-09-20,81
2014-09-21,75
2014-09-22,77
2014-09-23,84
2014-09-24,82
2014-09-25,74
2014-09-26,76
2014-09-27,76
2014-09-28,85
2014-09-29,78
2014-09-30,82
2014-10-01,81
2014-10-02,85
2014-10-03,73
2014-10-04,75
2014-10-05,76
2014-10-06,85
2014-10-07,85
2014-10-08,79
2014-10-09,77
2014-10-10,87
2014-10-11,76
2014-10-12,87
2014-10-13,83
2014-10-14,76
2014-10-15,84
2014-10-16,88
2014-10-17,79
2014-10-18,76
2014-10-19,88
2014-10-20,77
2014-10-21,79
2014-10-22,82
2014-10-23,76
2014-10-24,75
2014-10-25,85
2014-10-26,83
2014-10-27,78
2014-10-28,91
2014-10-29,83
2014-10-30,81
2014-10-31,70
2014-11-01,79
2014-11-02,87
2014-11-03,89
2014-11-04,84
2014-11-05,80
2014-11-06,77
2014-11-07,85
2014-11-08,76
2014-11-09,83
2014-11-10,83
2014-11-11,81
2014-11-12,78
2014-11-13,83
2014-11-14,78
2014-11-15,78
2014-11-16,79
2014-11-17,81
2014-11-18,82
2014-11-19,81
2014-11-20,85
2014-11-21,75
2014-11-22,77
2014-11-23,70
2014-11-24,77
2014-11-25,70
2014-11-26,67
2014-11-27,79
2014-11-28,72
2014-11-29,84
2014-11-30,89
2014-12-01,80
2014-12-02,81
2014-12-03,83
2014-12-04,84
2014-12-05,79
2014-12-06,77
2014-12-07,82
2014-12-08,76
2014-12-09,79
2014-12-10,86
2014-12-11,97
2014-12-12,82
2014-12-13,80
2014-12-14,77
2014-12-15,79
2014-12-16,81
2014-12-17,82
2014-12-18,82
2014-12-19,85
2014-12-20,74
2014-12-21,81
2014-12-22,77
2014-12-23,80
2014-12-24,73
2014-12-25,69
2014-12-26,83
2014-12-27,85
2014-12-28,79
2014-12-29,73
2014-12-30,81
2014-12-31,74
2015-01-01,77
2015-01-02,80
2015-01-03,88
2015-01-04,100
2015-01-05,90
2015-01-06,85
2015-01-07,91
2015-01-08,83
2015-01-09,86
2015-01-10,81
2015-01-11,90
2015-01-12,86
2015-01-13,86
2015-01-14,83
2015-01-15,80
2015-01-16,88
2015-01-17,79
2015-01-18,81
2015-01-19,83
2015-01-20,82
2015-01-21,90
2015-01-22,85
2015-01-23,84
2015-01-24,84
2015-01-25,85
2015-01-26,77
2015-01-27,82
2015-01-28,84
2015-01-29,86
2015-01-30,79
2015-01-31,75
2015-02-01,71
2015-02-02,73
2015-02-03,92
2015-02-04,84
2015-02-05,85
2015-02-06,81
2015-02-07,80
2015-02-08,91
2015-02-09,79
2015-02-10,81
2015-02-11,86
2015-02-12,77
2015-02-13,84
2015-02-14,78
2015-02-15,91
2015-02-16,84
2015-02-17,77
2015-02-18,81
2015-02-19,76
2015-02-20,77
2015-02-21,74
2015-02-22,84
2015-02-23,82
2015-02-24,77
2015-02-25,78
2015-02-26,89
2015-02-27,77
2015-02-28,75
2015-03-01,88
2015-03-02,94
2015-03-03,83
2015-03-04,85
2015-03-05,83
2015-03-06,79
2015-03-07,73
2015-03-08,86
2015-03-09,80
2015-03-10,90
2015-03-11,86
2015-03-12,85
2015-03-13,76
2015-03-14,79
2015-03-15,80
2015-03-16,82
2015-03-17,81
2015-03-18,78
2015-03-19,84
2015-03-20,75
2015-03-21,73
2015-03-22,83
2015-03-23,85
2015-03-24,83
2015-03-25,81
2015-03-26,78
2015-03-27,81
2015-03-28,73
2015-03-29,78
2015-03-30,76
2015-03-31,79
2015-04-01,82
2015-04-02,83
2015-04-03,77
2015-04-04,83
2015-04-05,86
2015-04-06,91
2015-04-07,87
2015-04-08,89
2015-04-09,89
2015-04-10,83
2015-04-11,79
2015-04-12,99
2015-04-13,87
2015-04-14,90
2015-04-15,88
2015-04-16,89
2015-04-17,85
2015-04-18,86
2015-04-19,91
2015-04-20,90
2015-04-21,87
2015-04-22,86
2015-04-23,93
2015-04-24,83
2015-04-25,74
2015-04-26,94
2015-04-27,90
2015-04-28,90
2015-04-29,89
2015-04-30,86
2015-05-01,83
2015-05-02,76
2015-05-03,88
2015-05-04,86
2015-05-05,82
2015-05-06,93
2015-05-07,90
2015-05-08,85
2015-05-09,84
2015-05-10,90
2015-05-11,90
2015-05-12,97
2015-05-13,90
2015-05-14,90
2015-05-15,85
2015-05-16,86
2015-05-17,97
2015-05-18,91
2015-05-19,95
2015-05-20,86
2015-05-21,82
2015-05-22,89
2015-05-23,93
2015-05-24,83
2015-05-25,100
2015-05-26,92
2015-05-27,91
2015-05-28,93
2015-05-29,78
2015-05-30,84
2015-05-31,97
2015-06-01,89
2015-06-02,87
2015-06-03,85
2015-06-04,77
2015-06-05,83
2015-06-06,79
2015-06-07,93
2015-06-08,80
2015-06-09,81
2015-06-10,88
2015-06-11,83
2015-06-12,87
2015-06-13,93
2015-06-14,92
2015-06-15,84
2015-06-16,81
2015-06-17,90
2015-06-18,83
2015-06-19,79
2015-06-20,81
2015-06-21,89
2015-06-22,81
2015-06-23,86
2015-06-24,76
2015-06-25,72
2015-06-26,73
2015-06-27,77
2015-06-28,81
2015-06-29,80
2015-06-30,72
2015-07-01,80
2015-07-02,94
2015-07-03,91
2015-07-04,83
2015-07-05,84
2015-07-06,81
2015-07-07,93
2015-07-08,84
2015-07-09,74
2015-07-10,84
2015-07-11,74
2015-07-12,83
2015-07-13,79
2015-07-14,84
2015-07-15,83
2015-07-16,73
2015-07-17,75
2015-07-18,84
2015-07-19,84
2015-07-20,78
2015-07-21,71
2015-07-22,76
2015-07-23,89
2015-07-24,72
2015-07-25,82
2015-07-26,90
2015-07-27,77
2015-07-28,83
2015-07-29,74
2015-07-30,79
2015-07-31,72
2015-08-01,81
2015-08-02,74
2015-08-03,77
2015-08-04,79
2015-08-05,78
2015-08-06,84
2015-08-07,75
2015-08-08,82
2015-08-09,84
2015-08-10,85
2015-08-11,79
2015-08-12,83
2015-08-13,77
2015-08-14,81
2015-08-15,86
2015-08-16,76
2015-08-17,84
2015-08-18,83
2015-08-19,75
2015-08-20,79
2015-08-21,75
2015-08-22,78
2015-08-23,90
2015-08-24,81
2015-08-25,83
2015-08-26,82
2015-08-27,81
2015-08-28,74
2015-08-29,74
2015-08-30,87
2015-08-31,77
2015-09-01,79
2015-09-02,88
2015-09-03,80
2015-09-04,76
2015-09-05,66
2015-09-06,75
2015-09-07,86
2015-09-08,80
2015-09-09,80
2015-09-10,85
2015-09-11,77
2015-09-12,74
2015-09-13,81
2015-09-14,81
2015-09-15,73
2015-09-16,83
2015-09-17,79
2015-09-18,80
2015-09-19,71
2015-09-20,85
2015-09-21,79
2015-09-22,80
2015-09-23,72
2015-09-24,74
2015-09-25,72
2015-09-26,71
2015-09-27,81
2015-09-28,79
2015-09-29,77
2015-09-30,79
2015-10-01,80
2015-10-02,77
2015-10-03,73
2015-10-04,69
2015-10-05,80
2015-10-06,82
2015-10-07,82
2015-10-08,78
2015-10-09,76
2015-10-10,74
2015-10-11,79
2015-10-12,78
2015-10-13,80
2015-10-14,76
2015-10-15,84
2015-10-16,76
2015-10-17,70
2015-10-18,82
2015-10-19,82
2015-10-20,81
2015-10-21,87
2015-10-22,84
2015-10-23,84
2015-10-24,84
2015-10-25,78
2015-10-26,100
2015-10-27,88
2015-10-28,90
2015-10-29,79
2015-10-30,76
2015-10-31,78
2015-11-01,87
2015-11-02,97
2015-11-03,94
2015-11-04,93
2015-11-05,88
2015-11-06,84
2015-11-07,82
2015-11-08,84
2015-11-09,88
2015-11-10,90
2015-11-11,85
2015-11-12,93
2015-11-13,78
2015-11-14,83
2015-11-15,90
2015-11-16,81
2015-11-17,87
2015-11-18,88
2015-11-19,91
2015-11-20,89
2015-11-21,82
2015-11-22,78
2015-11-23,85
2015-11-24,88
2015-11-25,79
2015-11-26,67
2015-11-27,76
2015-11-28,87
2015-11-29,86
2015-11-30,91
2015-12-01,87
2015-12-02,88
2015-12-03,84
2015-12-04,75
2015-12-05,81
2015-12-06,77
2015-12-07,88
2015-12-08,80
2015-12-09,87
2015-12-10,87
2015-12-11,83
2015-12-12,80
2015-12-13,86
2015-12-14,81
2015-12-15,86
2015-12-16,100
2015-12-17,86
2015-12-18,82
2015-12-19,82
2015-12-20,88
2015-12-21,83
2015-12-22,84
2015-12-23,79
2015-12-24,81
2015-12-25,71
2015-12-26,89
2015-12-27,86
2015-12-28,78
2015-12-29,84
2015-12-30,81
2015-12-31,81
2016-01-01,69
2016-01-02,79
2016-01-03,80
2016-01-04,75
2016-01-05,78
2016-01-06,77
2016-01-07,76
2016-01-08,75
2016-01-09,71
2016-01-10,64
2016-01-11,66
2016-01-12,73
2016-01-13,77
2016-01-14,65
2016-01-15,68
2016-01-16,62
2016-01-17,67
2016-01-18,74
2016-01-19,75
2016-01-20,75
2016-01-21,74
2016-01-22,65
2016-01-23,72
2016-01-24,70
2016-01-25,70
2016-01-26,77
2016-01-27,74
2016-01-28,76
2016-01-29,65
2016-01-30,65
2016-01-31,75
2016-02-01,67
2016-02-02,70
2016-02-03,74
2016-02-04,72
2016-02-05,65
2016-02-06,69
2016-02-07,66
2016-02-08,64
2016-02-09,71
2016-02-10,66
2016-02-11,69
2016-02-12,65
2016-02-13,64
2016-02-14,62
2016-02-15,63
2016-02-16,64
2016-02-17,70
2016-02-18,71
2016-02-19,64
2016-02-20,96
2016-02-21,77
2016-02-22,78
2016-02-23,76
2016-02-24,75
2016-02-25,71
2016-02-26,71
2016-02-27,66
2016-02-28,67
2016-02-29,79
2016-03-01,73
2016-03-02,75
2016-03-03,65
2016-03-04,68
2016-03-05,70
2016-03-06,67
2016-03-07,72
2016-03-08,67
2016-03-09,73
2016-03-10,74
2016-03-11,70
2016-03-12,66
2016-03-13,66
2016-03-14,72
2016-03-15,70
2016-03-16,71
2016-03-17,62
2016-03-18,68
2016-03-19,78
2016-03-20,74
2016-03-21,70
2016-03-22,73
2016-03-23,66
2016-03-24,68
2016-03-25,64
2016-03-26,57
2016-03-27,66
2016-03-28,70
2016-03-29,77
2016-03-30,74
2016-03-31,68
2016-04-01,66
2016-04-02,61
2016-04-03,70
2016-04-04,72
2016-04-05,76
2016-04-06,66
2016-04-07,73
2016-04-08,71
2016-04-09,69
2016-04-10,68
2016-04-11,83
2016-04-12,79
2016-04-13,75
2016-04-14,75
2016-04-15,64
2016-04-16,66
2016-04-17,75
2016-04-18,78
2016-04-19,72
2016-04-20,73
2016-04-21,65
2016-04-22,65
2016-04-23,73
2016-04-24,68
2016-04-25,70
2016-04-26,71
2016-04-27,74
2016-04-28,78
2016-04-29,75
2016-04-30,67
2016-05-01,64
2016-05-02,73
2016-05-03,74
2016-05-04,75
2016-05-05,71
2016-05-06,72
2016-05-07,65
2016-05-08,74
2016-05-09,81
2016-05-10,90
2016-05-11,86
2016-05-12,76
2016-05-13,73
2016-05-14,64
2016-05-15,72
2016-05-16,80
2016-05-17,78
2016-05-18,73
2016-05-19,73
2016-05-20,67
2016-05-21,72
2016-05-22,79
2016-05-23,75
2016-05-24,75
2016-05-25,74
2016-05-26,74
2016-05-27,77
2016-05-28,71
2016-05-29,63
2016-05-30,70
2016-05-31,70
2016-06-01,73
2016-06-02,63
2016-06-03,63
2016-06-04,62
2016-06-05,69
2016-06-06,66
2016-06-07,68
2016-06-08,62
2016-06-09,63
2016-06-10,60
2016-06-11,61
2016-06-12,100
2016-06-13,89
2016-06-14,63
2016-06-15,64
2016-06-16,66
2016-06-17,66
2016-06-18,65
2016-06-19,67
2016-06-20,61
2016-06-21,63
2016-06-22,64
2016-06-23,63
2016-06-24,55
2016-06-25,65
2016-06-26,69
2016-06-27,65
2016-06-28,69
2016-06-29,68
2016-06-30,66
2016-07-01,59
2016-07-02,70
2016-07-03,71
2016-07-04,70
2016-07-05,67
2016-07-06,62
2016-07-07,65
2016-07-08,55
2016-07-09,58
2016-07-10,62
2016-07-11,62
2016-07-12,61
2016-07-13,58
2016-07-14,55
2016-07-15,61
2016-07-16,65
2016-07-17,69
2016-07-18,64
2016-07-19,58
2016-07-20,63
2016-07-21,60
2016-07-22,59
2016-07-23,61
2016-07-24,60
2016-07-25,63
2016-07-26,60
2016-07-27,60
2016-07-28,63
2016-07-29,58
2016-07-30,68
2016-07-31,69
2016-08-01,66
2016-08-02,60
2016-08-03,61
2016-08-04,64
2016-08-05,58
2016-08-06,59
2016-08-07,64
2016-08-08,61
2016-08-09,66
2016-08-10,60
2016-08-11,56
2016-08-12,59
2016-08-13,63
2016-08-14,67
2016-08-15,66
2016-08-16,64
2016-08-17,60
2016-08-18,59
2016-08-19,61
2016-08-20,60
2016-08-21,63
2016-08-22,69
2016-08-23,66
2016-08-24,65
2016-08-25,74
2016-08-26,62
2016-08-27,61
2016-08-28,65
2016-08-29,65
2016-08-30,68
2016-08-31,65
2016-09-01,64
2016-09-02,64
2016-09-03,59
2016-09-04,64
2016-09-05,71
2016-09-06,73
2016-09-07,68
2016-09-08,64
2016-09-09,63
2016-09-10,59
2016-09-11,62
2016-09-12,66
2016-09-13,61
2016-09-14,62
2016-09-15,61
2016-09-16,63
2016-09-17,61
2016-09-18,61
2016-09-19,62
2016-09-20,68
2016-09-21,66
2016-09-22,64
2016-09-23,59
2016-09-24,54
2016-09-25,55
2016-09-26,64
2016-09-27,61
2016-09-28,59
2016-09-29,61
2016-09-30,63
2016-10-01,60
2016-10-02,53
2016-10-03,61
2016-10-04,69
2016-10-05,62
2016-10-06,58
2016-10-07,59
2016-10-08,50
2016-10-09,55
2016-10-10,55
2016-10-11,66
2016-10-12,62
2016-10-13,69
2016-10-14,61
2016-10-15,59
2016-10-16,63
2016-10-17,66
2016-10-18,64
2016-10-19,63
2016-10-20,70
2016-10-21,60
2016-10-22,57
2016-10-23,63
2016-10-24,69
2016-10-25,66
2016-10-26,65
2016-10-27,63
2016-10-28,59
2016-10-29,57
2016-10-30,65
2016-10-31,61
2016-11-01,72
2016-11-02,66
2016-11-03,66
2016-11-04,64
2016-11-05,55
2016-11-06,61
2016-11-07,65
2016-11-08,55
2016-11-09,43
2016-11-10,60
2016-11-11,52
2016-11-12,55
2016-11-13,64
2016-11-14,64
2016-11-15,69
2016-11-16,66
2016-11-17,69
2016-11-18,61
2016-11-19,54
2016-11-20,61
2016-11-21,63
2016-11-22,59
2016-11-23,56
2016-11-24,48
2016-11-25,48
2016-11-26,72
2016-11-27,66
2016-11-28,68
2016-11-29,72
2016-11-30,83
2016-12-01,68
2016-12-02,77
2016-12-03,64
2016-12-04,71
2016-12-05,76
2016-12-06,81
2016-12-07,85
2016-12-08,78
2016-12-09,68
2016-12-10,63
2016-12-11,72
2016-12-12,82
2016-12-13,75
2016-12-14,81
2016-12-15,74
2016-12-16,70
2016-12-17,65
2016-12-18,75
2016-12-19,70
2016-12-20,77
2016-12-21,93
2016-12-22,78
2016-12-23,71
2016-12-24,57
2016-12-25,60
2016-12-26,66
2016-12-27,69
2016-12-28,68
2016-12-29,69
2016-12-30,64
2016-12-31,58
2017-01-01,63
2017-01-02,77
2017-01-03,79
2017-01-04,83
2017-01-05,78
2017-01-06,71
2017-01-07,100
2017-01-08,82
2017-01-09,78
2017-01-10,74
2017-01-11,75
2017-01-12,78
2017-01-13,74
2017-01-14,62
2017-01-15,64
2017-01-16,70
2017-01-17,75
2017-01-18,76
2017-01-19,72
2017-01-20,65
2017-01-21,58
2017-01-22,65
2017-01-23,71
2017-01-24,74
2017-01-25,72
2017-01-26,72
2017-01-27,74
2017-01-28,61
2017-01-29,76
2017-01-30,77
2017-01-31,73
2017-02-01,89
2017-02-02,73
2017-02-03,79
2017-02-04,70
2017-02-05,74
2017-02-06,71
2017-02-07,79
2017-02-08,80
2017-02-09,77
2017-02-10,76
2017-02-11,71
2017-02-12,75
2017-02-13,77
2017-02-14,72
2017-02-15,73
2017-02-16,72
2017-02-17,76
2017-02-18,62
2017-02-19,73
2017-02-20,75
2017-02-21,89
2017-02-22,73
2017-02-23,79
2017-02-24,78
2017-02-25,74
2017-02-26,73
2017-02-27,73
2017-02-28,74
2017-03-01,77
2017-03-02,74
2017-03-03,79
2017-03-04,68
2017-03-05,70
2017-03-06,77
2017-03-07,86
2017-03-08,79
2017-03-09,81
2017-03-10,73
2017-03-11,69
2017-03-12,71
2017-03-13,84
2017-03-14,72
2017-03-15,78
2017-03-16,76
2017-03-17,73
2017-03-18,66
2017-03-19,78
2017-03-20,76
2017-03-21,81
2017-03-22,76
2017-03-23,77
2017-03-24,72
2017-03-25,64
2017-03-26,73
2017-03-27,97
2017-03-28,78
2017-03-29,84
2017-03-30,80
2017-03-31,81
2017-04-01,71
2017-04-02,70
2017-04-03,78
2017-04-04,79
2017-04-05,76
2017-04-06,73
2017-04-07,77
2017-04-08,70
2017-04-09,72
2017-04-10,70
2017-04-11,77
2017-04-12,76
2017-04-13,69
2017-04-14,63
2017-04-15,68
2017-04-16,66
2017-04-17,70
2017-04-18,77
2017-04-19,80
2017-04-20,77
2017-04-21,72
2017-04-22,64
2017-04-23,77
2017-04-24,79
2017-04-25,81
2017-04-26,80
2017-04-27,80
2017-04-28,72
2017-04-29,73
2017-04-30,75
2017-05-01,76
2017-05-02,72
2017-05-03,78
2017-05-04,75