date,film,game,ice_hockey,soccer
2012-01-01,100,78,23,6
2012-01-02,93,61,14,6
2012-01-03,72,57,14,6
2012-01-04,64,58,20,6
2012-01-05,60,55,15,5
2012-01-06,66,55,15,6
2012-01-07,87,65,14,7
2012-01-08,93,61,14,9
2012-01-09,59,45,11,7
2012-01-10,52,48,11,7
2012-01-11,52,42,11,7
2012-01-12,52,48,10,6
2012-01-13,57,50,12,6
2012-01-14,79,65,13,9
2012-01-15,85,64,14,9
2012-01-16,59,46,11,6
2012-01-17,55,48,10,6
2012-01-18,53,49,10,7
2012-01-19,50,48,10,6
2012-01-20,60,53,10,7
2012-01-21,84,66,14,9
2012-01-22,82,69,14,11
2012-01-23,58,48,11,9
2012-01-24,54,47,10,8
2012-01-25,51,50,10,9
2012-01-26,54,50,10,7
2012-01-27,61,58,9,7
2012-01-28,81,69,11,13
2012-01-29,83,73,12,9
2012-01-30,59,51,10,9
2012-01-31,53,46,9,7
2012-02-01,51,49,10,8
2012-02-02,51,49,9,9
2012-02-03,57,56,10,8
2012-02-04,75,63,12,9
2012-02-05,78,65,14,12
2012-02-06,52,45,11,10
2012-02-07,46,45,10,7
2012-02-08,45,45,10,7
2012-02-09,47,47,10,7
2012-02-10,57,53,11,6
2012-02-11,80,68,14,9
2012-02-12,80,64,13,9
2012-02-13,53,45,10,7
2012-02-14,51,43,9,7
2012-02-15,50,48,10,7
2012-02-16,50,49,11,7
2012-02-17,57,52,11,6
2012-02-18,75,66,13,8
2012-02-19,83,66,14,8
2012-02-20,68,55,12,7
2012-02-21,54,47,10,7
2012-02-22,49,50,11,7
2012-02-23,48,47,9,7
2012-02-24,55,54,11,7
2012-02-25,77,67,13,9
2012-02-26,78,66,14,9
2012-02-27,62,47,12,7
2012-02-28,49,46,10,7
2012-02-29,48,46,10,9
2012-03-01,47,47,9,8
2012-03-02,55,49,10,7
2012-03-03,82,66,11,8
2012-03-04,83,63,13,9
2012-03-05,54,49,11,8
2012-03-06,50,46,9,7
2012-03-07,49,50,10,8
2012-03-08,47,48,9,8
2012-03-09,55,55,10,7
2012-03-10,76,62,11,9
2012-03-11,81,59,13,9
2012-03-12,55,48,10,7
2012-03-13,52,47,8,7
2012-03-14,52,46,9,7
2012-03-15,50,47,9,8
2012-03-16,54,50,9,7
2012-03-17,68,58,11,9
2012-03-18,73,59,11,11
2012-03-19,48,39,9,9
2012-03-20,48,44,9,8
2012-03-21,45,43,8,9
2012-03-22,46,45,8,8
2012-03-23,54,49,9,7
2012-03-24,74,59,11,9
2012-03-25,75,62,12,11
2012-03-26,52,44,9,9
2012-03-27,50,45,9,9
2012-03-28,48,46,8,9
2012-03-29,47,50,9,8
2012-03-30,52,49,8,7
2012-03-31,70,58,9,10
2012-04-01,74,58,11,11
2012-04-02,46,42,9,9
2012-04-03,47,42,8,9
2012-04-04,46,44,8,9
2012-04-05,49,47,7,8
2012-04-06,73,60,9,7
2012-04-07,75,61,10,9
2012-04-08,77,58,11,9
2012-04-09,65,50,9,8
2012-04-10,46,43,9,8
2012-04-11,43,45,11,8
2012-04-12,42,46,11,8
2012-04-13,49,49,9,7
2012-04-14,70,60,12,11
2012-04-15,73,60,13,11
2012-04-16,44,44,11,9
2012-04-17,43,46,9,9
2012-04-18,44,45,10,9
2012-04-19,45,50,11,8
2012-04-20,51,51,9,7
2012-04-21,70,66,11,11
2012-04-22,71,65,12,10
2012-04-23,49,49,10,9
2012-04-24,44,45,8,10
2012-04-25,44,46,8,10
2012-04-26,45,50,9,9
2012-04-27,53,53,9,8
2012-04-28,74,60,10,10
2012-04-29,75,60,9,11
2012-04-30,47,43,8,11
2012-05-01,46,42,8,10
2012-05-02,45,43,7,10
2012-05-03,44,46,7,10
2012-05-04,53,49,9,9
2012-05-05,73,57,10,11
2012-05-06,78,57,9,12
2012-05-07,50,41,8,11
2012-05-08,48,40,8,10
2012-05-09,48,45,7,9
2012-05-10,47,47,7,10
2012-05-11,48,49,7,9
2012-05-12,71,58,9,11
2012-05-13,68,59,9,13
2012-05-14,46,43,7,11
2012-05-15,44,43,7,10
2012-05-16,44,44,6,10
2012-05-17,45,47,8,10
2012-05-18,51,51,6,10
2012-05-19,73,59,7,14
2012-05-20,79,59,7,12
2012-05-21,71,52,6,11
2012-05-22,47,44,6,11
2012-05-23,46,42,6,11
2012-05-24,43,43,5,11
2012-05-25,50,48,5,10
2012-05-26,65,56,6,11
2012-05-27,72,55,6,12
2012-05-28,49,43,6,12
2012-05-29,47,43,5,12
2012-05-30,45,42,5,11
2012-05-31,44,44,6,11
2012-06-01,56,51,5,11
2012-06-02,80,60,5,14
2012-06-03,76,59,7,14
2012-06-04,54,44,5,14
2012-06-05,46,44,6,12
2012-06-06,46,42,5,13
2012-06-07,46,51,7,13
2012-06-08,52,54,5,19
2012-06-09,73,64,6,22
2012-06-10,74,63,8,22
2012-06-11,50,47,6,17
2012-06-12,47,51,8,16
2012-06-13,46,48,5,17
2012-06-14,45,50,4,18
2012-06-15,48,51,5,16
2012-06-16,69,57,4,17
2012-06-17,71,59,5,20
2012-06-18,49,48,5,17
2012-06-19,47,48,4,15
2012-06-20,46,50,4,12
2012-06-21,46,52,4,14
2012-06-22,53,51,5,14
2012-06-23,69,55,7,16
2012-06-24,75,59,6,24
2012-06-25,54,47,5,14
2012-06-26,53,51,5,12
2012-06-27,52,51,5,17
2012-06-28,49,50,5,22
2012-06-29,57,49,4,13
2012-06-30,74,56,5,12
2012-07-01,76,57,5,28
2012-07-02,75,52,6,14
2012-07-03,63,42,5,11
2012-07-04,56,43,5,10
2012-07-05,53,42,5,10
2012-07-06,59,44,4,9
2012-07-07,68,50,4,9
2012-07-08,77,53,4,10
2012-07-09,55,43,4,9
2012-07-10,55,42,4,9
2012-07-11,53,43,4,8
2012-07-12,52,41,4,9
2012-07-13,58,44,4,8
2012-07-14,75,49,4,9
2012-07-15,87,51,4,10
2012-07-16,58,44,4,9
2012-07-17,56,44,4,9
2012-07-18,54,42,4,9
2012-07-19,53,42,4,9
2012-07-20,63,44,4,8
2012-07-21,79,52,4,9
2012-07-22,81,53,4,9
2012-07-23,60,43,5,9
2012-07-24,60,43,4,9
2012-07-25,55,43,4,11
2012-07-26,56,45,4,11
2012-07-27,56,52,4,10
2012-07-28,71,64,3,13
2012-07-29,74,68,4,13
2012-07-30,51,57,4,11
2012-07-31,54,55,4,12
2012-08-01,52,54,4,11
2012-08-02,55,53,4,10
2012-08-03,58,53,4,14
2012-08-04,72,65,4,14
2012-08-05,83,67,4,13
2012-08-06,68,57,5,35
2012-08-07,58,50,5,24
2012-08-08,56,50,5,19
2012-08-09,55,51,5,30
2012-08-10,63,52,5,18
2012-08-11,79,65,5,18
2012-08-12,79,60,5,15
2012-08-13,57,50,6,12
2012-08-14,58,45,7,10
2012-08-15,60,45,6,11
2012-08-16,57,47,6,10
2012-08-17,60,46,6,10
2012-08-18,77,54,6,13
2012-08-19,82,54,5,13
2012-08-20,58,44,6,11
2012-08-21,58,43,6,11
2012-08-22,58,42,6,10
2012-08-23,57,44,6,11
2012-08-24,60,44,5,9
2012-08-25,75,52,5,12
2012-08-26,81,52,7,14
2012-08-27,60,44,7,10
2012-08-28,59,43,7,10
2012-08-29,52,43,6,10
2012-08-30,53,43,6,10
2012-08-31,57,43,6,11
2012-09-01,77,50,6,13
2012-09-02,81,54,6,14
2012-09-03,75,50,6,12
2012-09-04,51,38,7,11
2012-09-05,46,35,7,11
2012-09-06,48,37,7,10
2012-09-07,55,39,8,13
2012-09-08,79,56,9,17
2012-09-09,81,58,8,14
2012-09-10,51,36,9,12
2012-09-11,48,36,7,13
2012-09-12,50,38,8,13
2012-09-13,52,38,8,10
2012-09-14,61,43,8,10
2012-09-15,83,55,9,15
2012-09-16,81,54,11,15
2012-09-17,56,37,10,11
2012-09-18,51,41,8,11
2012-09-19,48,38,8,10
2012-09-20,50,40,8,10
2012-09-21,58,45,9,10
2012-09-22,80,54,10,14
2012-09-23,81,57,10,15
2012-09-24,51,38,9,11
2012-09-25,48,40,9,10
2012-09-26,47,38,8,9
2012-09-27,48,39,8,9
2012-09-28,56,42,8,9
2012-09-29,80,56,10,14
2012-09-30,80,57,11,14
2012-10-01,52,38,10,10
2012-10-02,47,40,9,10
2012-10-03,49,39,9,9
2012-10-04,46,42,9,9
2012-10-05,54,48,9,10
2012-10-06,78,60,10,13
2012-10-07,82,63,10,18
2012-10-08,83,58,9,11
2012-10-09,53,40,9,9
2012-10-10,49,42,8,9
2012-10-11,49,39,9,9
2012-10-12,56,45,9,12
2012-10-13,83,59,12,18
2012-10-14,82,59,12,13
2012-10-15,51,41,10,10
2012-10-16,49,42,9,13
2012-10-17,48,42,9,11
2012-10-18,49,41,9,9
2012-10-19,60,48,9,9
2012-10-20,83,59,13,14
2012-10-21,86,58,13,14
2012-10-22,52,39,10,10
2012-10-23,51,43,10,9
2012-10-24,51,42,9,9
2012-10-25,49,43,9,8
2012-10-26,57,47,9,9
2012-10-27,84,58,11,13
2012-10-28,83,60,11,14
2012-10-29,52,42,10,9
2012-10-30,49,43,8,8
2012-10-31,56,42,7,9
2012-11-01,51,45,8,8
2012-11-02,56,48,9,9
2012-11-03,85,61,11,15
2012-11-04,81,61,12,13
2012-11-05,53,42,10,9
2012-11-06,50,43,9,9
2012-11-07,44,42,8,8
2012-11-08,51,45,8,9
2012-11-09,58,48,9,9
2012-11-10,87,64,12,13
2012-11-11,89,63,12,14
2012-11-12,65,48,10,9
2012-11-13,54,45,9,8
2012-11-14,50,45,8,8
2012-11-15,52,45,9,8
2012-11-16,60,51,9,8
2012-11-17,84,58,11,11
2012-11-18,87,61,11,12
2012-11-19,55,41,9,8
2012-11-20,54,43,9,8
2012-11-21,50,44,8,8
2012-11-22,49,47,8,9
2012-11-23,56,50,8,8
2012-11-24,85,59,10,11
2012-11-25,85,67,11,12
2012-11-26,55,44,9,10
2012-11-27,52,44,9,8
2012-11-28,49,45,9,8
2012-11-29,52,47,9,7
2012-11-30,55,51,9,7
2012-12-01,80,58,11,10
2012-12-02,85,63,12,10
2012-12-03,54,45,10,7
2012-12-04,51,48,9,7
2012-12-05,50,45,8,7
2012-12-06,50,48,9,7
2012-12-07,55,52,8,7
2012-12-08,78,62,10,9
2012-12-09,84,63,11,10
2012-12-10,57,47,9,7
2012-12-11,55,46,9,7
2012-12-12,53,47,9,6
2012-12-13,53,49,9,6
2012-12-14,56,52,9,8
2012-12-15,80,61,10,8
2012-12-16,85,65,11,9
2012-12-17,60,53,9,7
2012-12-18,60,51,8,6
2012-12-19,56,51,8,6
2012-12-20,55,53,9,6
2012-12-21,62,59,8,6
2012-12-22,85,69,11,7
2012-12-23,90,72,10,7
2012-12-24,85,67,8,6
2012-12-25,98,66,8,5
2012-12-26,92,66,18,6
2012-12-27,89,57,12,5
2012-12-28,86,54,16,5
2012-12-29,95,59,15,7
2012-12-30,98,63,19,7
2012-12-31,87,57,19,6
2013-01-01,100,63,13,6
2013-01-02,80,51,14,6
2013-01-03,71,49,16,6
2013-01-04,74,50,12,6
2013-01-05,94,58,17,8
2013-01-06,96,59,19,9
2013-01-07,62,44,12,7
2013-01-08,55,41,11,7
2013-01-09,53,39,12,7
2013-01-10,54,40,13,6
2013-01-11,59,48,12,6
2013-01-12,86,59,15,9
2013-01-13,90,59,15,11
2013-01-14,61,43,13,7
2013-01-15,56,40,12,7
2013-01-16,52,44,13,7
2013-01-17,53,48,13,7
2013-01-18,60,49,14,7
2013-01-19,84,64,19,9
2013-01-20,87,68,25,10
2013-01-21,58,48,15,8
2013-01-22,53,46,14,7
2013-01-23,53,46,14,7
2013-01-24,53,51,14,7
2013-01-25,60,53,14,7
2013-01-26,84,61,16,9
2013-01-27,89,61,18,9
2013-01-28,58,44,14,7
2013-01-29,54,44,12,7
2013-01-30,54,48,12,9
2013-01-31,51,48,13,7
2013-02-01,56,50,13,7
2013-02-02,83,60,17,9
2013-02-03,84,60,16,13
2013-02-04,54,43,11,11
2013-02-05,53,44,12,8
2013-02-06,50,43,12,9
2013-02-07,50,45,12,8
2013-02-08,59,50,13,6
2013-02-09,87,60,17,9
2013-02-10,89,55,17,9
2013-02-11,57,43,13,7
2013-02-12,52,42,12,7
2013-02-13,51,42,12,8
2013-02-14,53,40,11,7
2013-02-15,59,48,12,7
2013-02-16,85,60,14,9
2013-02-17,89,62,17,8
2013-02-18,77,51,12,7
2013-02-19,54,44,13,8
2013-02-20,50,47,12,8
2013-02-21,50,45,11,8
2013-02-22,57,49,12,7
2013-02-23,82,57,14,9
2013-02-24,84,59,16,10
2013-02-25,64,40,13,8
2013-02-26,51,43,12,9
2013-02-27,50,46,12,8
2013-02-28,48,45,12,7
2013-03-01,55,50,12,8
2013-03-02,86,59,15,11
2013-03-03,84,59,16,10
2013-03-04,54,46,14,8
2013-03-05,49,45,11,9
2013-03-06,50,46,12,9
2013-03-07,50,47,13,8
2013-03-08,55,51,13,8
2013-03-09,76,57,13,10
2013-03-10,84,58,15,10
2013-03-11,58,45,12,8
2013-03-12,56,44,10,9
2013-03-13,52,44,11,8
2013-03-14,52,44,11,8
2013-03-15,57,45,11,7
2013-03-16,79,56,15,10
2013-03-17,79,57,15,9
2013-03-18,53,43,13,8
2013-03-19,53,43,10,8
2013-03-20,48,43,11,7
2013-03-21,48,44,11,8
2013-03-22,56,47,11,11
2013-03-23,77,56,13,11
2013-03-24,77,56,14,9
2013-03-25,52,41,12,8
2013-03-26,51,43,11,11
2013-03-27,49,43,12,9
2013-03-28,51,47,11,7
2013-03-29,76,56,11,7
2013-03-30,81,56,12,9
2013-03-31,86,57,13,8
2013-04-01,65,48,12,8
2013-04-02,55,43,12,9
2013-04-03,51,44,12,8
2013-04-04,52,45,12,9
2013-04-05,59,49,11,8
2013-04-06,85,59,12,10
2013-04-07,89,59,13,10
2013-04-08,57,42,11,10
2013-04-09,54,45,10,10
2013-04-10,51,46,10,10
2013-04-11,53,44,10,9
2013-04-12,61,49,10,8
2013-04-13,88,60,11,10
2013-04-14,88,57,12,11
2013-04-15,59,43,9,9
2013-04-16,53,44,10,9
2013-04-17,52,43,9,9
2013-04-18,52,46,9,8
2013-04-19,60,50,10,8
2013-04-20,87,61,11,10
2013-04-21,88,58,13,11
2013-04-22,54,42,9,10
2013-04-23,53,43,9,11
2013-04-24,53,45,9,11
2013-04-25,51,44,10,10
2013-04-26,57,50,11,9
2013-04-27,81,56,11,12
2013-04-28,84,59,16,11
2013-04-29,55,42,13,10
2013-04-30,52,42,11,11
2013-05-01,48,45,12,11
2013-05-02,48,48,13,10
2013-05-03,58,50,13,9
2013-05-04,76,61,18,12
2013-05-05,78,60,16,12
2013-05-06,49,48,14,11
2013-05-07,48,46,12,11
2013-05-08,47,51,14,11
2013-05-09,49,52,13,10
2013-05-10,59,52,12,10
2013-05-11,81,63,14,13
2013-05-12,87,66,13,12
2013-05-13,53,62,15,11
2013-05-14,53,57,16,11
2013-05-15,48,45,9,11
2013-05-16,51,46,11,11
2013-05-17,59,49,9,10
2013-05-18,83,59,10,11
2013-05-19,95,56,11,13
2013-05-20,85,54,10,11
2013-05-21,58,42,7,12
2013-05-22,53,45,7,12
2013-05-23,52,47,8,12
2013-05-24,62,50,7,11
2013-05-25,89,59,9,14
2013-05-26,92,58,9,14
2013-05-27,59,44,8,13
2013-05-28,56,43,7,14
2013-05-29,57,46,7,13
2013-05-30,55,47,8,12
2013-05-31,61,49,5,11
2013-06-01,90,56,7,13
2013-06-02,93,57,9,16
2013-06-03,60,46,7,15
2013-06-04,54,46,7,12
2013-06-05,54,46,7,12
2013-06-06,55,48,8,12
2013-06-07,68,53,7,13
2013-06-08,92,59,9,13
2013-06-09,90,59,10,12
2013-06-10,61,45,6,13
2013-06-11,56,46,6,14
2013-06-12,54,51,6,13
2013-06-13,55,51,10,12
2013-06-14,63,52,5,11
2013-06-15,82,55,6,14
2013-06-16,91,61,10,15
2013-06-17,61,48,6,13
2013-06-18,59,48,7,12
2013-06-19,54,51,5,13
2013-06-20,56,54,8,13
2013-06-21,62,55,5,11
2013-06-22,91,57,5,14
2013-06-23,91,56,8,12
2013-06-24,64,47,5,12
2013-06-25,64,54,9,11
2013-06-26,62,48,5,11
2013-06-27,59,48,5,14
2013-06-28,70,49,5,10
2013-06-29,89,54,5,10
2013-06-30,88,51,8,15
2013-07-01,88,48,8,11
2013-07-02,63,40,6,10
2013-07-03,61,38,5,10
2013-07-04,61,42,6,11
2013-07-05,66,42,7,10
2013-07-06,85,49,6,11
2013-07-07,91,47,6,14
2013-07-08,68,40,5,13
2013-07-09,61,40,5,12
2013-07-10,62,39,5,11
2013-07-11,61,41,5,10
2013-07-12,66,39,5,10
2013-07-13,83,48,4,11
2013-07-14,86,46,5,11
2013-07-15,64,41,5,11
2013-07-16,62,41,4,11
2013-07-17,61,42,5,11
2013-07-18,63,41,5,10
2013-07-19,69,41,5,9
2013-07-20,90,48,4,10
2013-07-21,94,48,4,11
2013-07-22,68,40,6,10
2013-07-23,69,40,6,10
2013-07-24,66,42,5,10
2013-07-25,66,40,5,10
2013-07-26,67,39,5,9
2013-07-27,90,47,4,11
2013-07-28,92,50,4,11
2013-07-29,72,41,5,11
2013-07-30,68,40,5,10
2013-07-31,67,40,5,10
2013-08-01,64,41,5,10
2013-08-02,72,44,4,9
2013-08-03,90,51,4,11
2013-08-04,89,54,4,11
2013-08-05,84,49,5,11
2013-08-06,69,43,5,11
2013-08-07,68,45,6,11
2013-08-08,67,45,5,11
2013-08-09,71,44,5,11
2013-08-10,89,49,6,12
2013-08-11,94,49,6,13
2013-08-12,67,40,7,11
2013-08-13,70,43,6,10
2013-08-14,68,43,6,12
2013-08-15,68,43,5,11
2013-08-16,70,44,6,11
2013-08-17,82,50,6,16
2013-08-18,94,49,6,15
2013-08-19,65,39,6,15
2013-08-20,66,37,7,12
2013-08-21,61,39,6,11
2013-08-22,63,41,7,11
2013-08-23,70,41,6,11
2013-08-24,87,48,6,15
2013-08-25,95,46,7,16
2013-08-26,69,39,9,13
2013-08-27,64,40,8,11
2013-08-28,65,40,8,11
2013-08-29,63,37,7,11
2013-08-30,68,40,7,12
2013-08-31,89,45,8,15
2013-09-01,89,45,8,17
2013-09-02,90,46,8,15
2013-09-03,63,34,8,12
2013-09-04,57,35,8,12
2013-09-05,55,35,9,13
2013-09-06,63,39,10,15
2013-09-07,95,52,11,18
2013-09-08,91,53,11,18
2013-09-09,58,32,10,13
2013-09-10,53,35,10,14
2013-09-11,53,36,9,12
2013-09-12,55,34,9,11
2013-09-13,64,41,10,12
2013-09-14,90,52,12,18
2013-09-15,88,51,13,16
2013-09-16,56,37,13,13
2013-09-17,52,38,11,12
2013-09-18,52,37,10,12
2013-09-19,50,37,10,11
2013-09-20,59,42,11,11
2013-09-21,87,53,13,18
2013-09-22,88,54,13,18
2013-09-23,56,36,13,12
2013-09-24,53,37,13,11
2013-09-25,52,39,13,11
2013-09-26,52,38,13,11
2013-09-27,60,43,12,11
2013-09-28,86,51,15,17
2013-09-29,84,51,15,17
2013-09-30,55,38,15,12
2013-10-01,51,37,16,11
2013-10-02,51,42,17,11
2013-10-03,51,41,14,10
2013-10-04,60,42,15,10
2013-10-05,88,53,16,16
2013-10-06,88,57,19,15
2013-10-07,57,38,13,11
2013-10-08,54,38,15,10
2013-10-09,52,40,16,10
2013-10-10,53,41,13,11
2013-10-11,60,47,14,13
2013-10-12,89,51,15,16
2013-10-13,99,56,19,14
2013-10-14,92,53,14,11
2013-10-15,59,41,13,13
2013-10-16,53,38,14,12
2013-10-17,54,40,15,10
2013-10-18,60,45,14,10
2013-10-19,86,55,15,16
2013-10-20,92,55,16,17
2013-10-21,56,37,13,11
2013-10-22,57,39,12,11
2013-10-23,52,41,13,10
2013-10-24,55,42,12,10
2013-10-25,64,46,14,10
2013-10-26,93,57,15,17
2013-10-27,93,56,17,17
2013-10-28,63,40,14,11
2013-10-29,58,42,12,11
2013-10-30,55,42,13,10
2013-10-31,60,44,12,9
2013-11-01,68,44,12,10
2013-11-02,97,57,16,16
2013-11-03,96,54,17,14
2013-11-04,60,39,13,10
2013-11-05,56,40,11,10
2013-11-06,54,43,13,10
2013-11-07,55,43,13,10
2013-11-08,63,46,13,10
2013-11-09,92,58,16,15
2013-11-10,98,60,17,16
2013-11-11,77,47,14,11
2013-11-12,62,43,12,9
2013-11-13,55,42,12,9
2013-11-14,55,44,12,9
2013-11-15,62,48,13,12
2013-11-16,89,53,15,15
2013-11-17,94,60,16,14
2013-11-18,63,45,12,10
2013-11-19,54,45,12,12
2013-11-20,54,45,13,11
2013-11-21,56,45,12,9
2013-11-22,65,53,13,9
2013-11-23,100,58,16,13
2013-11-24,95,61,16,13
2013-11-25,60,46,12,10
2013-11-26,56,44,12,9
2013-11-27,58,44,11,9
2013-11-28,56,45,14,9
2013-11-29,61,46,12,8
2013-11-30,86,56,16,10
2013-12-01,99,55,17,11
2013-12-02,54,35,11,7
2013-12-03,50,36,10,7
2013-12-04,47,37,10,7
2013-12-05,48,39,9,7
2013-12-06,56,42,11,9
2013-12-07,76,50,11,11
2013-12-08,81,50,14,10
2013-12-09,56,39,11,8
2013-12-10,53,39,10,7
2013-12-11,49,38,10,6
2013-12-12,48,40,10,6
2013-12-13,55,43,11,6
2013-12-14,78,50,13,7
2013-12-15,83,52,14,8
2013-12-16,58,40,11,6
2013-12-17,54,39,11,6
2013-12-18,56,45,11,6
2013-12-19,58,44,10,5
2013-12-20,65,49,12,5
2013-12-21,84,51,13,7
2013-12-22,92,56,15,7
2013-12-23,76,48,11,6
2013-12-24,75,50,11,5
2013-12-25,92,54,10,4
2013-12-26,90,51,16,6
2013-12-27,84,45,14,5
2013-12-28,92,50,21,6
2013-12-29,100,50,16,7
2013-12-30,79,46,18,5
2013-12-31,77,49,24,4
2014-01-01,94,56,22,6
2014-01-02,82,45,29,5
2014-01-03,80,41,19,5
2014-01-04,86,46,29,7
2014-01-05,92,46,23,8
2014-01-06,61,38,14,6
2014-01-07,53,36,33,6
2014-01-08,52,35,24,6
2014-01-09,50,34,13,6
2014-01-10,59,37,13,6
2014-01-11,85,48,14,8
2014-01-12,89,48,16,9
2014-01-13,58,35,12,7
2014-01-14,52,35,11,7
2014-01-15,49,35,11,6
2014-01-16,49,36,11,7
2014-01-17,60,39,12,6
2014-01-18,85,43,14,9
2014-01-19,84,50,17,11
2014-01-20,56,37,11,8
2014-01-21,50,36,11,6
2014-01-22,49,39,11,7
2014-01-23,49,40,10,6
2014-01-24,57,43,12,6
2014-01-25,79,48,13,8
2014-01-26,85,48,15,8
2014-01-27,52,36,10,6
2014-01-28,50,36,11,7
2014-01-29,50,36,11,7
2014-01-30,48,38,10,7
2014-01-31,56,41,11,7
2014-02-01,76,45,14,9
2014-02-02,79,49,14,11
2014-02-03,53,38,12,10
2014-02-04,47,36,12,7
2014-02-05,52,40,12,6
2014-02-06,49,39,14,6
2014-02-07,48,48,17,6
2014-02-08,76,55,22,8
2014-02-09,82,51,23,8
2014-02-10,56,43,21,6
2014-02-11,46,41,18,7
2014-02-12,45,43,28,7
2014-02-13,49,45,44,6
2014-02-14,56,44,32,5
2014-02-15,84,54,40,8
2014-02-16,87,57,50,7
2014-02-17,72,46,29,6
2014-02-18,52,39,26,7
2014-02-19,48,46,56,7
2014-02-20,46,53,64,6
2014-02-21,52,71,96,6
2014-02-22,73,65,51,8
2014-02-23,78,82,93,8
2014-02-24,54,38,19,7
2014-02-25,49,36,12,7
2014-02-26,47,36,11,7
2014-02-27,47,37,12,7
2014-02-28,55,39,11,7
2014-03-01,79,44,13,8
2014-03-02,88,46,15,8
2014-03-03,65,36,12,6
2014-03-04,50,37,12,7
2014-03-05,47,38,12,7
2014-03-06,51,39,11,7
2014-03-07,62,38,10,6
2014-03-08,79,43,12,8
2014-03-09,82,43,14,8
2014-03-10,59,33,10,7
2014-03-11,53,36,11,7
2014-03-12,51,35,11,7
2014-03-13,54,35,10,6
2014-03-14,58,35,10,6
2014-03-15,79,41,12,9
2014-03-16,80,42,15,10
2014-03-17,52,33,10,7
2014-03-18,48,33,10,7
2014-03-19,48,35,10,7
2014-03-20,48,35,9,7
2014-03-21,55,37,11,7
2014-03-22,82,43,12,10
2014-03-23,81,43,14,10
2014-03-24,53,31,10,8
2014-03-25,50,33,10,7
2014-03-26,52,35,9,7
2014-03-27,50,34,9,7
2014-03-28,57,39,10,7
2014-03-29,82,45,12,10
2014-03-30,84,44,12,9
2014-03-31,54,33,9,8
2014-04-01,48,33,8,8
2014-04-02,47,34,9,8
2014-04-03,48,34,8,7
2014-04-04,57,39,9,7
2014-04-05,78,45,12,9
2014-04-06,79,43,11,9
2014-04-07,53,34,9,8
2014-04-08,45,33,8,8
2014-04-09,46,33,8,9
2014-04-10,45,34,8,8
2014-04-11,53,35,9,7
2014-04-12,79,39,9,10
2014-04-13,80,41,11,10
2014-04-14,56,32,10,7
2014-04-15,53,33,9,8
2014-04-16,50,34,10,8
2014-04-17,54,38,10,7
2014-04-18,83,41,11,7
2014-04-19,88,45,11,9
2014-04-20,90,45,15,9
2014-04-21,66,39,10,8
2014-04-22,48,35,10,8
2014-04-23,46,35,10,8
2014-04-24,48,34,9,8
2014-04-25,54,36,9,8
2014-04-26,77,45,11,10
2014-04-27,81,42,12,10
2014-04-28,52,35,8,9
2014-04-29,49,37,8,9
2014-04-30,47,35,8,9
2014-05-01,45,41,11,8
2014-05-02,53,42,14,8
2014-05-03,78,53,15,11
2014-05-04,84,52,10,11
2014-05-05,52,34,8,10
2014-05-06,48,33,9,9
2014-05-07,44,35,12,10
2014-05-08,45,35,9,9
2014-05-09,47,39,14,10
2014-05-10,72,42,12,10
2014-05-11,74,42,12,12
2014-05-12,48,34,10,10
2014-05-13,46,37,12,11
2014-05-14,46,41,12,10
2014-05-15,44,43,15,9
2014-05-16,56,39,9,8
2014-05-17,79,48,15,11
2014-05-18,88,41,10,9
2014-05-19,81,41,10,9
2014-05-20,48,35,11,10
2014-05-21,44,33,7,10
2014-05-22,45,35,9,10
2014-05-23,50,40,12,9
2014-05-24,77,43,8,13
2014-05-25,80,41,11,11
2014-05-26,49,35,14,11
2014-05-27,47,35,8,11
2014-05-28,43,40,12,11
2014-05-29,45,37,9,12
2014-05-30,50,42,12,10
2014-05-31,69,42,8,12
2014-06-01,77,42,6,13
2014-06-02,48,37,8,12
2014-06-03,48,34,5,12
2014-06-04,46,36,5,12
2014-06-05,45,37,6,13
2014-06-06,53,39,5,11
2014-06-07,72,42,5,14
2014-06-08,78,45,8,14
2014-06-09,50,35,5,14
2014-06-10,45,37,6,15
2014-06-11,47,41,5,16
2014-06-12,46,43,7,33
2014-06-13,50,45,5,31
2014-06-14,70,51,11,41
2014-06-15,76,45,5,39
2014-06-16,48,41,4,34
2014-06-17,48,39,4,31
2014-06-18,48,39,4,28
2014-06-19,49,39,4,28
2014-06-20,50,42,4,26
2014-06-21,71,44,4,28
2014-06-22,70,42,4,29
2014-06-23,51,37,4,26
2014-06-24,54,40,4,26
2014-06-25,51,40,4,21
2014-06-26,50,38,4,23
2014-06-27,55,35,4,15
2014-06-28,68,42,6,23
2014-06-29,75,45,4,26
2014-06-30,60,36,4,21
2014-07-01,66,37,6,25
2014-07-02,49,33,4,16
2014-07-03,51,32,4,13
2014-07-04,53,35,4,21
2014-07-05,70,40,4,23
2014-07-06,76,37,4,16
2014-07-07,59,35,4,12
2014-07-08,53,36,4,22
2014-07-09,49,36,4,28
2014-07-10,50,32,4,16
2014-07-11,57,34,4,12
2014-07-12,67,38,4,19
2014-07-13,73,44,4,43
2014-07-14,56,33,4,16
2014-07-15,53,32,4,12
2014-07-16,52,33,4,11
2014-07-17,50,31,4,10
2014-07-18,54,32,3,8
2014-07-19,77,37,3,10
2014-07-20,86,38,4,10
2014-07-21,56,31,4,9
2014-07-22,57,31,4,9
2014-07-23,55,33,4,8
2014-07-24,58,32,4,9
2014-07-25,65,33,3,8
2014-07-26,81,38,4,9
2014-07-27,84,39,4,10
2014-07-28,67,33,4,9
2014-07-29,60,31,4,8
2014-07-30,59,33,4,8
2014-07-31,55,31,4,9
2014-08-01,59,31,4,8
2014-08-02,74,35,4,8
2014-08-03,76,37,4,8
2014-08-04,72,33,4,8
2014-08-05,58,30,4,9
2014-08-06,52,29,5,8
2014-08-07,52,28,4,8
2014-08-08,57,31,4,8
2014-08-09,73,35,4,10
2014-08-10,76,38,4,9
2014-08-11,56,29,5,8
2014-08-12,67,29,5,9
2014-08-13,59,30,5,9
2014-08-14,55,30,5,8
2014-08-15,63,30,5,8
2014-08-16,79,37,5,12
2014-08-17,84,36,5,12
2014-08-18,56,30,6,9
2014-08-19,54,28,5,9
2014-08-20,52,28,5,9
2014-08-21,53,29,5,9
2014-08-22,56,28,5,8
2014-08-23,72,36,5,11
2014-08-24,76,35,6,12
2014-08-25,53,29,6,10
2014-08-26,51,29,5,9
2014-08-27,48,29,6,8
2014-08-28,47,27,6,8
2014-08-29,53,30,5,8
2014-08-30,69,35,6,11
2014-08-31,80,38,6,11
2014-09-01,72,33,6,11
2014-09-02,47,25,6,9
2014-09-03,44,25,7,9
2014-09-04,42,27,7,10
2014-09-05,46,28,6,10
2014-09-06,72,37,7,13
2014-09-07,73,36,7,15
2014-09-08,45,26,7,11
2014-09-09,43,27,7,11
2014-09-10,41,27,7,9
2014-09-11,41,29,7,9
2014-09-12,49,30,7,9
2014-09-13,73,36,8,13
2014-09-14,71,38,9,13
2014-09-15,46,30,9,10
2014-09-16,43,29,8,9
2014-09-17,40,29,8,9
2014-09-18,42,28,8,9
2014-09-19,49,32,8,8
2014-09-20,75,38,9,13
2014-09-21,67,40,10,14
2014-09-22,47,30,9,9
2014-09-23,42,29,9,8
2014-09-24,40,29,9,8
2014-09-25,41,30,9,8
2014-09-26,46,34,9,9
2014-09-27,65,40,11,14
2014-09-28,69,37,11,12
2014-09-29,46,29,11,9
2014-09-30,42,30,10,9
2014-10-01,42,30,10,9
2014-10-02,43,30,10,8
2014-10-03,50,35,10,8
2014-10-04,74,40,12,12
2014-10-05,74,41,14,13
2014-10-06,43,29,13,9
2014-10-07,43,29,12,8
2014-10-08,44,33,14,7
2014-10-09,43,35,14,8
2014-10-10,49,35,12,9
2014-10-11,75,40,15,12
2014-10-12,73,46,16,12
2014-10-13,76,40,12,10
2014-10-14,48,31,11,9
2014-10-15,44,31,11,9
2014-10-16,44,32,12,7
2014-10-17,51,35,12,8
2014-10-18,77,42,15,13
2014-10-19,73,41,14,12
2014-10-20,50,30,11,9
2014-10-21,44,32,10,9
2014-10-22,40,31,11,8
2014-10-23,44,32,9,7
2014-10-24,53,36,10,8
2014-10-25,76,41,15,14
2014-10-26,81,42,13,13
2014-10-27,47,31,10,8
2014-10-28,44,30,10,8
2014-10-29,48,33,10,8
2014-10-30,47,33,9,7
2014-10-31,58,36,10,7
2014-11-01,83,39,11,11
2014-11-02,83,43,12,12
2014-11-03,48,32,11,8
2014-11-04,46,31,9,8
2014-11-05,44,32,10,7
2014-11-06,46,33,10,8
2014-11-07,52,38,11,8
2014-11-08,82,43,12,12
2014-11-09,82,45,15,11
2014-11-10,57,33,11,8
2014-11-11,57,33,9,7
2014-11-12,47,33,10,6
2014-11-13,44,34,10,7
2014-11-14,52,37,11,7
2014-11-15,81,41,15,11
2014-11-16,79,45,14,11
2014-11-17,53,32,10,7
2014-11-18,45,32,9,7
2014-11-19,44,35,10,7
2014-11-20,44,36,9,6
2014-11-21,50,39,11,6
2014-11-22,74,42,12,11
2014-11-23,76,46,13,11
2014-11-24,49,35,11,7
2014-11-25,45,32,10,7
2014-11-26,44,32,10,7
2014-11-27,44,35,9,7
2014-11-28,49,35,9,7
2014-11-29,70,40,13,10
2014-11-30,78,45,13,10
2014-12-01,49,33,10,8
2014-12-02,49,32,10,6
2014-12-03,46,34,10,6
2014-12-04,46,34,10,5
2014-12-05,51,38,10,6
2014-12-06,73,41,12,8
2014-12-07,79,42,13,8
2014-12-08,50,34,10,6
2014-12-09,47,35,9,7
2014-12-10,48,36,10,6
2014-12-11,50,35,9,6
2014-12-12,51,37,9,6
2014-12-13,77,42,12,7
2014-12-14,78,45,13,8
2014-12-15,53,38,10,6
2014-12-16,50,37,9,6
2014-12-17,52,40,10,5
2014-12-18,54,40,9,5
2014-12-19,59,43,10,5
2014-12-20,81,48,13,7
2014-12-21,89,49,14,7
2014-12-22,69,42,11,6
2014-12-23,69,42,10,5
2014-12-24,78,46,11,5
2014-12-25,100,48,9,5
2014-12-26,98,46,16,5
2014-12-27,97,44,23,5
2014-12-28,93,44,18,6
2014-12-29,81,40,14,6
2014-12-30,77,40,18,5
2014-12-31,76,45,25,4
2015-01-01,94,48,18,6
2015-01-02,90,40,19,5
2015-01-03,91,43,27,6
2015-01-04,89,43,22,7
2015-01-05,59,43,30,6
2015-01-06,49,42,39,6
2015-01-07,49,32,11,6
2015-01-08,47,33,10,6
2015-01-09,54,37,11,6
2015-01-10,80,38,12,8
2015-01-11,85,44,14,10
2015-01-12,55,31,10,7
2015-01-13,49,33,9,7
2015-01-14,49,31,9,6
2015-01-15,50,33,10,7
2015-01-16,59,37,10,6
2015-01-17,85,43,11,8
2015-01-18,85,44,13,10
2015-01-19,56,33,9,8
2015-01-20,47,34,9,7
2015-01-21,47,33,9,7
2015-01-22,48,36,9,7
2015-01-23,56,39,8,7
2015-01-24,83,45,11,9
2015-01-25,88,48,11,8
2015-01-26,54,34,8,7
2015-01-27,50,33,8,7
2015-01-28,45,32,8,7
2015-01-29,47,33,8,6
2015-01-30,52,37,9,7
2015-01-31,75,40,11,9
2015-02-01,81,42,11,12
2015-02-02,53,34,7,11
2015-02-03,47,32,8,7
2015-02-04,46,32,9,6
2015-02-05,45,31,8,6
2015-02-06,54,35,9,6
2015-02-07,82,41,11,8
2015-02-08,86,42,12,8
2015-02-09,54,32,10,6
2015-02-10,48,31,9,7
2015-02-11,48,32,9,7
2015-02-12,50,34,9,6
2015-02-13,62,37,9,6
2015-02-14,87,44,11,7
2015-02-15,94,48,12,7
2015-02-16,78,40,9,6
2015-02-17,53,34,9,6
2015-02-18,48,33,9,7
2015-02-19,49,36,9,7
2015-02-20,55,37,9,6
2015-02-21,78,42,11,8
2015-02-22,91,40,13,8
2015-02-23,62,33,11,7
2015-02-24,49,35,9,7
2015-02-25,46,35,9,7
2015-02-26,47,34,9,7
2015-02-27,51,36,10,6
2015-02-28,72,42,11,8
2015-03-01,75,41,13,8
2015-03-02,51,32,11,7
2015-03-03,50,34,9,7
2015-03-04,46,35,8,8
2015-03-05,47,36,9,7
2015-03-06,54,36,9,6
2015-03-07,76,40,10,8
2015-03-08,78,39,11,9
2015-03-09,51,31,9,8
2015-03-10,44,30,8,8
2015-03-11,45,31,8,8
2015-03-12,45,32,8,7
2015-03-13,52,33,9,7
2015-03-14,77,37,12,9
2015-03-15,80,40,12,9
2015-03-16,56,31,9,7
2015-03-17,50,32,8,7
2015-03-18,49,31,8,7
2015-03-19,51,31,7,7
2015-03-20,55,33,9,6
2015-03-21,76,40,10,8
2015-03-22,79,39,12,12
2015-03-23,51,30,8,7
2015-03-24,46,29,8,7
2015-03-25,49,28,7,6
2015-03-26,41,33,7,7
2015-03-27,53,34,8,8
2015-03-28,75,37,10,10
2015-03-29,77,39,12,10
2015-03-30,55,30,9,8
2015-03-31,46,30,8,8
2015-04-01,42,33,7,7
2015-04-02,56,40,9,7
2015-04-03,93,45,10,8
2015-04-04,99,48,11,10
2015-04-05,99,49,12,9
2015-04-06,80,41,9,8
2015-04-07,56,35,9,8
2015-04-08,52,37,9,9
2015-04-09,54,39,9,9
2015-04-10,58,43,12,8
2015-04-11,87,46,12,10
2015-04-12,86,46,14,10
2015-04-13,57,35,10,9
2015-04-14,50,38,10,9
2015-04-15,52,41,13,9
2015-04-16,49,47,15,9
2015-04-17,56,46,13,8
2015-04-18,82,57,18,11
2015-04-19,84,51,16,10
2015-04-20,56,43,14,9
2015-04-21,54,45,11,9
2015-04-22,52,48,13,10
2015-04-23,52,46,12,10
2015-04-24,60,47,13,9
2015-04-25,84,51,14,11
2015-04-26,85,56,18,11
2015-04-27,54,40,12,10
2015-04-28,51,38,10,10
2015-04-29,51,39,9,10
2015-04-30,50,40,10,11
2015-05-01,56,43,14,9
2015-05-02,77,46,17,11
2015-05-03,80,45,14,11
2015-05-04,56,39,13,10
2015-05-05,52,37,9,11
2015-05-06,54,40,12,11
2015-05-07,50,40,12,11
2015-05-08,55,43,12,9
2015-05-09,77,50,15,11
2015-05-10,85,48,16,11
2015-05-11,55,42,12,11
2015-05-12,51,41,10,12
2015-05-13,50,43,12,12
2015-05-14,54,40,11,12
2015-05-15,64,41,8,10
2015-05-16,81,45,14,11
2015-05-17,94,48,20,11
2015-05-18,88,42,10,10
2015-05-19,58,34,8,11
2015-05-20,50,37,8,11
2015-05-21,49,36,7,11
2015-05-22,59,39,6,10
2015-05-23,83,41,7,12
2015-05-24,83,45,8,13
2015-05-25,58,40,6,13
2015-05-26,54,37,7,12
2015-05-27,53,40,6,13
2015-05-28,51,41,6,14
2015-05-29,61,43,5,12
2015-05-30,90,49,8,16
2015-05-31,95,50,9,13
2015-06-01,60,39,6,13
2015-06-02,54,39,5,11
2015-06-03,55,41,6,11
2015-06-04,53,40,6,12
2015-06-05,60,45,5,12
2015-06-06,84,48,6,20
2015-06-07,88,48,7,20
2015-06-08,59,45,5,15
2015-06-09,55,44,7,17
2015-06-10,51,46,5,14
2015-06-11,54,44,6,14
2015-06-12,62,50,5,17
2015-06-13,84,49,6,18
2015-06-14,87,51,7,15
2015-06-15,56,47,6,14
2015-06-16,51,49,7,16
2015-06-17,53,46,5,14
2015-06-18,53,44,4,12
2015-06-19,60,45,4,11
2015-06-20,86,47,4,15
2015-06-21,91,46,4,18
2015-06-22,62,43,4,18
2015-06-23,60,43,4,13
2015-06-24,61,45,4,12
2015-06-25,57,44,5,12
2015-06-26,62,42,5,12
2015-06-27,86,45,8,21
2015-06-28,100,48,6,20
2015-06-29,69,42,5,12
2015-06-30,67,40,5,12
2015-07-01,76,41,7,14
2015-07-02,63,40,5,12
2015-07-03,65,37,5,10
2015-07-04,83,42,4,14
2015-07-05,92,46,4,18
2015-07-06,63,42,4,15
2015-07-07,62,40,4,11
2015-07-08,62,41,4,10
2015-07-09,63,43,4,10
2015-07-10,67,55,4,10
2015-07-11,88,83,4,13
2015-07-12,96,81,4,15
2015-07-13,71,66,5,13
2015-07-14,67,60,4,11
2015-07-15,64,59,4,10
2015-07-16,61,57,4,11
2015-07-17,71,60,3,10
2015-07-18,90,68,4,11
2015-07-19,93,64,4,12
2015-07-20,67,55,4,11
2015-07-21,68,55,4,10
2015-07-22,65,54,4,11
2015-07-23,65,52,4,10
2015-07-24,73,56,4,9
2015-07-25,93,75,4,12
2015-07-26,98,69,4,12
2015-07-27,69,47,4,10
2015-07-28,66,34,4,9
2015-07-29,64,32,4,9
2015-07-30,61,33,4,8
2015-07-31,68,36,4,8
2015-08-01,88,40,4,9
2015-08-02,93,40,4,9
2015-08-03,86,36,4,8
2015-08-04,70,33,5,8
2015-08-05,67,35,6,9
2015-08-06,65,35,5,9
2015-08-07,68,35,5,9
2015-08-08,90,42,4,12
2015-08-09,96,42,5,12
2015-08-10,68,34,5,10
2015-08-11,68,34,6,9
2015-08-12,65,35,5,9
2015-08-13,62,37,5,8
2015-08-14,70,37,5,9
2015-08-15,93,44,5,10
2015-08-16,98,42,5,11
2015-08-17,71,34,6,10
2015-08-18,69,31,6,10
2015-08-19,64,30,5,9
2015-08-20,63,32,5,9
2015-08-21,72,33,5,8
2015-08-22,88,39,6,13
2015-08-23,92,41,6,14
2015-08-24,68,31,6,10
2015-08-25,66,31,6,9
2015-08-26,62,33,6,9
2015-08-27,59,33,6,9
2015-08-28,64,34,6,9
2015-08-29,83,39,6,13
2015-08-30,99,42,6,13
2015-08-31,65,30,7,10
2015-09-01,64,31,6,9
2015-09-02,66,31,7,9
2015-09-03,59,32,7,10
2015-09-04,66,33,7,11
2015-09-05,89,39,7,15
2015-09-06,99,42,7,13
2015-09-07,97,40,7,13
2015-09-08,61,28,7,12
2015-09-09,52,30,8,11
2015-09-10,49,32,8,11
2015-09-11,60,35,9,12
2015-09-12,94,45,10,16
2015-09-13,95,49,10,16
2015-09-14,60,31,9,12
2015-09-15,55,32,9,12
2015-09-16,50,30,8,11
2015-09-17,51,33,9,11
2015-09-18,60,36,9,10
2015-09-19,92,44,11,15
2015-09-20,93,44,11,16
2015-09-21,55,33,11,10
2015-09-22,51,37,12,10
2015-09-23,54,35,11,10
2015-09-24,51,37,10,10
2015-09-25,61,38,10,10
2015-09-26,86,45,12,14
2015-09-27,88,47,14,14
2015-09-28,54,33,11,10
2015-09-29,52,35,11,10
2015-09-30,51,37,12,10
2015-10-01,51,37,11,9
2015-10-02,59,39,12,10
2015-10-03,91,46,15,15
2015-10-04,90,45,16,15
2015-10-05,57,35,13,10
2015-10-06,54,35,13,9
2015-10-07,50,39,14,9
2015-10-08,51,54,15,10
2015-10-09,60,68,13,10
2015-10-10,89,51,16,13
2015-10-11,93,59,16,15
2015-10-12,86,78,13,10
2015-10-13,59,44,13,10
2015-10-14,48,79,11,9
2015-10-15,52,60,11,9
2015-10-16,58,56,13,9
2015-10-17,83,81,14,13
2015-10-18,91,51,15,13
2015-10-19,56,44,12,9
2015-10-20,45,65,9,8
2015-10-21,51,57,12,9
2015-10-22,55,46,11,8
2015-10-23,63,52,12,8
2015-10-24,90,76,15,13
2015-10-25,95,48,15,15
2015-10-26,63,35,11,10
2015-10-27,55,38,11,9
2015-10-28,58,40,11,9
2015-10-29,58,37,10,9
2015-10-30,66,41,11,10
2015-10-31,95,44,14,13
2015-11-01,98,48,14,13
2015-11-02,61,36,12,10
2015-11-03,57,35,11,9
2015-11-04,53,37,12,9
2015-11-05,54,37,12,8
2015-11-06,66,42,12,9
2015-11-07,98,47,14,14
2015-11-08,98,46,16,15
2015-11-09,64,36,12,10
2015-11-10,60,36,10,8
2015-11-11,71,37,12,8
2015-11-12,60,37,11,8
2015-11-13,65,42,13,10
2015-11-14,88,41,13,14
2015-11-15,97,46,16,13
2015-11-16,60,36,10,9
2015-11-17,56,36,11,10
2015-11-18,52,36,10,9
2015-11-19,54,37,10,7
2015-11-20,64,40,11,7
2015-11-21,93,47,14,14
2015-11-22,97,48,14,11
2015-11-23,60,36,11,8
2015-11-24,54,36,10,8
2015-11-25,55,36,10,8
2015-11-26,55,38,10,8
2015-11-27,59,39,10,7
2015-11-28,91,45,13,11
2015-11-29,91,49,14,11
2015-11-30,60,37,10,9
2015-12-01,56,37,11,7
2015-12-02,43,28,8,5
2015-12-03,41,29,7,5
2015-12-04,47,33,8,5
2015-12-05,69,36,10,7
2015-12-06,73,37,11,8
2015-12-07,49,27,8,5
2015-12-08,44,29,8,6
2015-12-09,44,32,9,6
2015-12-10,46,31,8,5
2015-12-11,49,34,8,5
2015-12-12,70,38,9,7
2015-12-13,74,36,11,7
2015-12-14,53,30,8,6
2015-12-15,51,31,8,5
2015-12-16,50,32,8,5
2015-12-17,53,33,7,5
2015-12-18,59,37,8,5
2015-12-19,79,39,11,6
2015-12-20,90,42,11,7
2015-12-21,66,34,8,5
2015-12-22,65,34,8,5
2015-12-23,67,34,8,4
2015-12-24,71,36,6,4
2015-12-25,97,40,7,4
2015-12-26,90,43,16,6
2015-12-27,95,40,12,6
2015-12-28,89,36,13,5
2015-12-29,81,33,12,5
2015-12-30,78,33,11,4
2015-12-31,75,37,12,4
2016-01-01,92,41,11,4
2016-01-02,100,37,16,6
2016-01-03,91,34,12,7
2016-01-04,59,27,10,5
2016-01-05,51,25,11,5
2016-01-06,51,27,9,5
2016-01-07,47,26,8,5
2016-01-08,54,28,9,5
2016-01-09,82,35,11,7
2016-01-10,85,37,11,8
2016-01-11,59,25,9,5
2016-01-12,50,26,9,6
2016-01-13,46,25,7,6
2016-01-14,51,24,7,5
2016-01-15,53,28,8,5
2016-01-16,76,33,11,7
2016-01-17,78,35,11,9
2016-01-18,54,24,10,5
2016-01-19,51,25,8,5
2016-01-20,45,25,8,5
2016-01-21,45,25,7,5
2016-01-22,51,29,8,5
2016-01-23,75,35,11,7
2016-01-24,80,38,11,9
2016-01-25,49,26,8,7
2016-01-26,44,26,7,6
2016-01-27,44,26,8,5
2016-01-28,45,27,7,5
2016-01-29,48,30,7,5
2016-01-30,73,34,9,7
2016-01-31,75,39,10,7
2016-02-01,50,27,8,6
2016-02-02,45,24,7,6
2016-02-03,48,27,8,6
2016-02-04,44,26,7,6
2016-02-05,49,27,9,6
2016-02-06,75,35,11,8
2016-02-07,73,35,11,10
2016-02-08,50,27,7,9
2016-02-09,46,26,8,5
2016-02-10,43,25,8,5
2016-02-11,46,26,7,5
2016-02-12,52,31,8,6
2016-02-13,79,42,10,7
2016-02-14,82,37,10,7
2016-02-15,74,36,8,6
2016-02-16,50,24,7,6
2016-02-17,46,24,7,6
2016-02-18,44,25,7,6
2016-02-19,50,27,8,6
2016-02-20,73,32,12,8
2016-02-21,76,32,12,8
2016-02-22,50,24,9,7
2016-02-23,43,24,8,7
2016-02-24,41,25,7,6
2016-02-25,40,28,7,6
2016-02-26,47,25,8,5
2016-02-27,67,32,11,7
2016-02-28,73,33,11,8
2016-02-29,60,24,10,6
2016-03-01,45,24,8,6
2016-03-02,46,26,10,6
2016-03-03,43,25,11,6
2016-03-04,49,27,9,5
2016-03-05,67,30,10,8
2016-03-06,70,31,12,8
2016-03-07,45,25,8,7
2016-03-08,40,24,7,6
2016-03-09,40,24,7,6
2016-03-10,41,25,7,6
2016-03-11,47,27,8,6
2016-03-12,66,31,9,7
2016-03-13,75,31,11,7
2016-03-14,54,24,7,6
2016-03-15,48,25,7,6
2016-03-16,49,25,7,7
2016-03-17,48,26,7,6
2016-03-18,51,26,8,5
2016-03-19,69,31,11,7
2016-03-20,69,30,12,8
2016-03-21,47,24,8,6
2016-03-22,42,24,6,6
2016-03-23,42,24,6,6
2016-03-24,48,26,6,7
2016-03-25,74,30,8,8
2016-03-26,74,31,9,12
2016-03-27,74,30,9,7
2016-03-28,64,27,7,6
2016-03-29,47,23,7,8
2016-03-30,40,22,7,7
2016-03-31,40,23,7,6
2016-04-01,44,24,7,6
2016-04-02,67,30,8,10
2016-04-03,67,31,8,8
2016-04-04,44,22,7,6
2016-04-05,40,25,8,7
2016-04-06,40,26,6,7
2016-04-07,41,25,7,6
2016-04-08,44,30,7,6
2016-04-09,65,32,8,8
2016-04-10,68,31,9,8
2016-04-11,49,25,7,6
2016-04-12,42,24,6,7
2016-04-13,40,25,7,8
2016-04-14,40,29,6,7
2016-04-15,47,27,6,7
2016-04-16,64,32,8,9
2016-04-17,62,28,7,9
2016-04-18,43,25,6,7
2016-04-19,41,24,6,7
2016-04-20,37,24,6,7
2016-04-21,39,24,6,7
2016-04-22,43,27,6,6
2016-04-23,63,30,7,9
2016-04-24,69,32,8,10
2016-04-25,44,26,6,7
2016-04-26,41,27,6,8
2016-04-27,41,26,5,7
2016-04-28,37,26,6,8
2016-04-29,41,28,6,7
2016-04-30,59,35,7,9
2016-05-01,66,34,8,9
2016-05-02,41,30,5,9
2016-05-03,37,25,5,8
2016-05-04,36,26,5,8
2016-05-05,37,27,6,7
2016-05-06,41,30,8,6
2016-05-07,61,33,7,9
2016-05-08,66,31,9,9
2016-05-09,42,25,7,8
2016-05-10,39,28,6,8
2016-05-11,38,25,6,7
2016-05-12,41,31,7,8
2016-05-13,44,29,6,7
2016-05-14,68,36,7,9
2016-05-15,69,43,7,10
2016-05-16,45,29,6,8
2016-05-17,41,29,7,8
2016-05-18,38,30,5,8
2016-05-19,38,26,7,8
2016-05-20,45,30,5,7
2016-05-21,67,34,10,9
2016-05-22,67,39,14,8
2016-05-23,64,34,7,8
2016-05-24,42,32,5,8
2016-05-25,37,27,4,9
2016-05-26,38,31,5,8
2016-05-27,43,30,7,8
2016-05-28,61,39,6,11
2016-05-29,67,32,5,11
2016-05-30,42,25,4,9
2016-05-31,37,28,5,9
2016-06-01,38,24,4,8
2016-06-02,56,37,7,14
2016-06-03,63,38,5,12
2016-06-04,84,42,6,16
2016-06-05,96,46,10,15
2016-06-06,59,36,5,13
2016-06-07,59,37,7,14
2016-06-08,57,38,5,13
2016-06-09,59,41,6,13
2016-06-10,66,43,10,16
2016-06-11,89,50,6,20
2016-06-12,94,46,7,20
2016-06-13,62,42,9,19
2016-06-14,58,43,5,18
2016-06-15,57,37,5,16
2016-06-16,58,39,4,18
2016-06-17,62,49,5,20
2016-06-18,84,49,4,20
2016-06-19,89,48,5,19
2016-06-20,57,48,5,15
2016-06-21,59,36,5,20
2016-06-22,59,40,5,19
2016-06-23,55,36,5,14
2016-06-24,60,37,6,11
2016-06-25,89,42,10,21
2016-06-26,97,42,6,23
2016-06-27,64,38,5,26
2016-06-28,60,36,5,16
2016-06-29,61,36,8,12
2016-06-30,59,36,7,17
2016-07-01,83,47,8,17
2016-07-02,94,44,6,24
2016-07-03,97,43,5,23
2016-07-04,71,33,5,13
2016-07-05,66,34,5,11
2016-07-06,64,36,5,16
2016-07-07,66,35,5,18
2016-07-08,67,35,4,12
2016-07-09,97,42,4,13
2016-07-10,94,41,4,36
2016-07-11,67,33,4,14
2016-07-12,64,34,4,10
2016-07-13,63,41,4,9
2016-07-14,60,31,4,10
2016-07-15,66,29,4,8
2016-07-16,85,35,4,9
2016-07-17,87,35,4,10
2016-07-18,65,31,5,9
2016-07-19,64,31,4,8
2016-07-20,61,29,4,8
2016-07-21,60,33,4,9
2016-07-22,69,31,4,8
2016-07-23,87,36,4,10
2016-07-24,95,37,4,10
2016-07-25,70,31,5,9
2016-07-26,65,29,5,8
2016-07-27,65,33,4,8
2016-07-28,64,29,4,8
2016-07-29,68,31,4,8
2016-07-30,85,36,4,9
2016-07-31,96,35,4,9
2016-08-01,90,31,4,9
2016-08-02,70,29,5,8
2016-08-03,67,30,5,15
2016-08-04,62,30,5,14
2016-08-05,70,35,6,11
2016-08-06,83,44,5,20
2016-08-07,92,44,6,17
2016-08-08,65,34,6,13
2016-08-09,65,33,6,20
2016-08-10,59,33,5,15
2016-08-11,60,33,5,12
2016-08-12,67,35,5,30
2016-08-13,85,42,5,35
2016-08-14,91,40,6,20
2016-08-15,64,32,6,15
2016-08-16,64,33,6,38
2016-08-17,61,32,6,17
2016-08-18,59,32,6,13
2016-08-19,61,35,6,27
2016-08-20,79,38,6,24
2016-08-21,85,39,6,17
2016-08-22,67,30,8,12
2016-08-23,66,30,8,10
2016-08-24,65,29,7,10
2016-08-25,65,29,8,10
2016-08-26,68,32,8,10
2016-08-27,91,38,7,14
2016-08-28,98,36,8,15
2016-08-29,70,29,9,11
2016-08-30,65,30,9,10
2016-08-31,63,30,8,10
2016-09-01,60,29,8,11
2016-09-02,68,30,8,12
2016-09-03,89,35,9,14
2016-09-04,97,38,9,15
2016-09-05,95,37,12,14
2016-09-06,59,24,13,13
2016-09-07,51,27,13,13
2016-09-08,55,30,15,11
2016-09-09,63,32,21,11
2016-09-10,93,40,27,18
2016-09-11,95,40,26,17
2016-09-12,61,29,14,12
2016-09-13,56,30,13,11
2016-09-14,55,30,15,11
2016-09-15,54,32,16,11
2016-09-16,63,35,14,11
2016-09-17,98,46,26,15
2016-09-18,92,45,41,16
2016-09-19,61,31,29,11
2016-09-20,54,30,29,10
2016-09-21,54,36,46,10
2016-09-22,53,34,37,9
2016-09-23,62,35,22,10
2016-09-24,87,48,32,16
2016-09-25,88,48,54,15
2016-09-26,58,34,22,10
2016-09-27,53,33,21,10
2016-09-28,52,37,31,10
2016-09-29,55,36,17,10
2016-09-30,60,40,35,9
2016-10-01,94,45,16,15
2016-10-02,90,52,15,15
2016-10-03,60,35,13,10
2016-10-04,54,39,12,9
2016-10-05,54,55,11,8
2016-10-06,55,51,11,10
2016-10-07,61,65,12,11
2016-10-08,93,50,15,13
2016-10-09,97,65,15,13
2016-10-10,93,68,13,11
2016-10-11,61,36,13,11
2016-10-12,54,38,14,9
2016-10-13,53,43,16,8
2016-10-14,59,47,14,9
2016-10-15,86,80,17,15
2016-10-16,100,53,17,14
2016-10-17,63,42,12,11
2016-10-18,53,75,12,9
2016-10-19,56,69,13,9
2016-10-20,56,40,13,8
2016-10-21,69,42,13,8
2016-10-22,95,48,16,14
2016-10-23,97,48,17,15
2016-10-24,63,34,13,10
2016-10-25,57,34,12,9
2016-10-26,60,36,12,9
2016-10-27,58,36,11,9
2016-10-28,67,39,13,9
2016-10-29,95,46,15,14
2016-10-30,99,49,16,15
2016-10-31,72,36,11,10
2016-11-01,67,34,10,8
2016-11-02,58,43,12,8
2016-11-03,56,46,14,7
2016-11-04,64,37,18,6
2016-11-05,98,45,21,9
2016-11-06,93,43,21,9
2016-11-07,61,32,16,7
2016-11-08,53,33,13,5
2016-11-09,39,26,11,4
2016-11-10,56,33,13,5
2016-11-11,73,37,16,7
2016-11-12,94,44,20,10
2016-11-13,95,43,21,8
2016-11-14,63,34,17,6
2016-11-15,57,31,14,6
2016-11-16,56,35,15,5
2016-11-17,56,34,14,5
2016-11-18,64,39,15,5
2016-11-19,93,42,18,8
2016-11-20,97,46,20,8
2016-11-21,61,31,14,5
2016-11-22,54,34,13,6
2016-11-23,53,36,16,8
2016-11-24,55,38,15,5
2016-11-25,61,39,14,5
2016-11-26,87,44,18,8
2016-11-27,96,48,21,8
2016-11-28,58,34,13,6
2016-11-29,56,36,13,12
2016-11-30,57,37,14,11
2016-12-01,58,39,14,10
2016-12-02,49,32,12,5
2016-12-03,73,32,15,8
2016-12-04,77,33,16,6
2016-12-05,53,26,12,4
2016-12-06,49,26,10,4
2016-12-07,47,27,11,5
2016-12-08,46,27,11,4
2016-12-09,51,27,11,4
2016-12-10,68,35,14,6
2016-12-11,78,40,17,10
2016-12-12,57,30,11,4
2016-12-13,51,30,11,4
2016-12-14,49,31,12,5
2016-12-15,49,33,11,4
2016-12-16,53,31,10,4
2016-12-17,74,36,14,5
2016-12-18,84,36,15,6
2016-12-19,64,29,11,4
2016-12-20,58,30,11,4
2016-12-21,60,32,11,4
2016-12-22,59,32,11,4
2016-12-23,68,39,11,4
2016-12-24,79,42,11,4
2016-12-25,93,42,8,4
2016-12-26,100,40,12,4
2016-12-27,92,36,17,4
2016-12-28,90,33,15,4
2016-12-29,80,32,13,3
2016-12-30,83,34,15,3
2016-12-31,86,39,17,4
2017-01-01,99,41,16,4
2017-01-02,97,32,13,5
2017-01-03,69,26,15,4
2017-01-04,66,26,13,4
2017-01-05,62,28,21,4
2017-01-06,65,30,30,4
2017-01-07,88,30,15,5
2017-01-08,89,32,16,5
2017-01-09,67,25,13,4
2017-01-10,52,25,12,4
2017-01-11,50,25,10,5
2017-01-12,53,26,11,4
2017-01-13,58,26,12,4
2017-01-14,86,33,14,6
2017-01-15,85,35,16,6
2017-01-16,57,25,11,5
2017-01-17,50,26,11,4
2017-01-18,49,27,11,4
2017-01-19,51,27,11,4
2017-01-20,57,28,11,5
2017-01-21,84,33,14,7
2017-01-22,88,36,16,7
2017-01-23,58,27,11,5
2017-01-24,54,27,10,5
2017-01-25,54,26,11,5
2017-01-26,52,28,11,5
2017-01-27,61,29,11,5
2017-01-28,90,32,14,6
2017-01-29,92,31,16,7
2017-01-30,59,26,11,5
2017-01-31,53,25,10,6
2017-02-01,51,27,11,6
2017-02-02,52,27,10,5
2017-02-03,60,28,11,5
2017-02-04,84,33,13,7
2017-02-05,90,33,15,8
2017-02-06,56,28,10,7
2017-02-07,50,28,11,6
2017-02-08,52,28,11,5
2017-02-09,54,28,11,5
2017-02-10,57,31,12,5
2017-02-11,87,34,15,7
2017-02-12,93,34,16,7
2017-02-13,59,27,12,5
2017-02-14,54,28,13,6
2017-02-15,55,29,11,6
2017-02-16,53,29,11,6
2017-02-17,60,31,13,5
2017-02-18,84,34,16,7
2017-02-19,92,35,16,7
2017-02-20,79,30,15,6
2017-02-21,57,27,12,6
2017-02-22,50,28,14,7
2017-02-23,50,29,11,6
2017-02-24,57,30,12,5
2017-02-25,83,37,15,7
2017-02-26,90,39,19,8
2017-02-27,71,28,13,6
2017-02-28,57,29,14,6
2017-03-01,50,30,16,6
2017-03-02,53,30,11,6
2017-03-03,60,33,12,6
2017-03-04,87,36,14,8
2017-03-05,93,37,17,8
2017-03-06,62,30,12,6
2017-03-07,54,29,11,7
2017-03-08,51,31,11,7
2017-03-09,51,32,11,7
2017-03-10,59,33,13,6
2017-03-11,84,36,13,7
2017-03-12,91,38,15,8
2017-03-13,64,30,13,7
2017-03-14,61,29,11,6
2017-03-15,56,28,12,6
2017-03-16,57,31,11,6
2017-03-17,62,32,14,5
2017-03-18,87,35,15,8
2017-03-19,85,36,20,8
2017-03-20,57,28,13,7
2017-03-21,53,29,12,6
2017-03-22,53,29,11,7
2017-03-23,55,30,11,7
2017-03-24,62,33,12,7
2017-03-25,86,38,14,8
2017-03-26,91,36,14,8
2017-03-27,59,28,11,7
2017-03-28,53,29,12,8
2017-03-29,52,29,12,7
2017-03-30,52,29,11,6
2017-03-31,63,34,12,6
2017-04-01,76,36,14,8
2017-04-02,78,37,16,8
2017-04-03,47,29,11,7
2017-04-04,48,30,12,7
2017-04-05,44,29,11,7
2017-04-06,45,30,10,6
2017-04-07,52,32,12,6
2017-04-08,75,35,15,8
2017-04-09,76,40,15,8
2017-04-10,49,27,11,7
2017-04-11,47,26,10,8
2017-04-12,45,30,12,8
2017-04-13,45,38,13,7
2017-04-14,74,42,15,6
2017-04-15,76,48,18,7
2017-04-16,82,53,20,7
2017-04-17,65,41,16,7
2017-04-18,49,40,16,8
2017-04-19,46,40,13,8
2017-04-20,47,41,14,7
2017-04-21,55,46,16,7
2017-04-22,74,49,18,8
2017-04-23,75,55,25,10
2017-04-24,50,35,13,8
2017-04-25,47,30,9,8
2017-04-26,45,30,9,8
2017-04-27,45,39,12,8
2017-04-28,49,36,10,7
2017-04-29,71,46,14,9
2017-04-30,86,42,13,9
2017-05-01,51,35,12,8
2017-05-02,47,31,10,8
2017-05-03,45,32,10,8
2017-05-04,45,37,12,7
